ID,target
ID_test_0,46.504
ID_test_1,46.504
ID_test_2,46.504
ID_test_3,46.504
ID_test_4,46.504
ID_test_5,46.504
ID_test_6,46.504
ID_test_7,46.504
ID_test_8,46.504
ID_test_9,46.504
ID_test_10,46.504
ID_test_11,46.504
ID_test_12,46.504
ID_test_13,46.504
ID_test_14,46.504
ID_test_15,46.504
ID_test_16,46.504
ID_test_17,46.504
ID_test_18,46.504
ID_test_19,46.504
ID_test_20,46.504
ID_test_21,46.504
ID_test_22,46.504
ID_test_23,46.504
ID_test_24,46.504
ID_test_25,46.504
ID_test_26,46.504
ID_test_27,46.504
ID_test_28,46.504
ID_test_29,46.504
ID_test_30,46.504
ID_test_31,46.504
ID_test_32,46.504
ID_test_33,46.504
ID_test_34,46.504
ID_test_35,46.504
ID_test_36,46.504
ID_test_37,46.504
ID_test_38,46.504
ID_test_39,46.504
ID_test_40,46.504
ID_test_41,46.504
ID_test_42,46.504
ID_test_43,46.504
ID_test_44,46.504
ID_test_45,46.504
ID_test_46,46.504
ID_test_47,46.504
ID_test_48,46.504
ID_test_49,46.504
ID_test_50,46.504
ID_test_51,46.504
ID_test_52,46.504
ID_test_53,46.504
ID_test_54,46.504
ID_test_55,46.504
ID_test_56,46.504
ID_test_57,46.504
ID_test_58,46.504
ID_test_59,46.504
ID_test_60,46.504
ID_test_61,46.504
ID_test_62,46.504
ID_test_63,46.504
ID_test_64,46.504
ID_test_65,46.504
ID_test_66,46.504
ID_test_67,46.504
ID_test_68,46.504
ID_test_69,46.504
ID_test_70,46.504
ID_test_71,46.504
ID_test_72,46.504
ID_test_73,46.504
ID_test_74,46.504
ID_test_75,46.504
ID_test_76,46.504
ID_test_77,46.504
ID_test_78,46.504
ID_test_79,46.504
ID_test_80,46.504
ID_test_81,46.504
ID_test_82,46.504
ID_test_83,46.504
ID_test_84,46.504
ID_test_85,46.504
ID_test_86,46.504
ID_test_87,46.504
ID_test_88,46.504
ID_test_89,46.504
ID_test_90,46.504
ID_test_91,46.504
ID_test_92,46.504
ID_test_93,46.504
ID_test_94,46.504
ID_test_95,46.504
ID_test_96,46.504
ID_test_97,46.504
ID_test_98,46.504
ID_test_99,46.504
ID_test_100,46.504
ID_test_101,46.504
ID_test_102,46.504
ID_test_103,46.504
ID_test_104,46.504
ID_test_105,46.504
ID_test_106,46.504
ID_test_107,46.504
ID_test_108,46.504
ID_test_109,46.504
ID_test_110,46.504
ID_test_111,46.504
ID_test_112,46.504
ID_test_113,46.504
ID_test_114,46.504
ID_test_115,46.504
ID_test_116,46.504
ID_test_117,46.504
ID_test_118,46.504
ID_test_119,46.504
ID_test_120,46.504
ID_test_121,46.504
ID_test_122,46.504
ID_test_123,46.504
ID_test_124,46.504
ID_test_125,46.504
ID_test_126,46.504
ID_test_127,46.504
ID_test_128,46.504
ID_test_129,46.504
ID_test_130,46.504
ID_test_131,46.504
ID_test_132,46.504
ID_test_133,46.504
ID_test_134,46.504
ID_test_135,46.504
ID_test_136,46.504
ID_test_137,46.504
ID_test_138,46.504
ID_test_139,46.504
ID_test_140,46.504
ID_test_141,46.504
ID_test_142,46.504
ID_test_143,46.504
ID_test_144,46.504
ID_test_145,46.504
ID_test_146,46.504
ID_test_147,46.504
ID_test_148,46.504
ID_test_149,46.504
ID_test_150,46.504
ID_test_151,46.504
ID_test_152,46.504
ID_test_153,46.504
ID_test_154,46.504
ID_test_155,46.504
ID_test_156,46.504
ID_test_157,46.504
ID_test_158,46.504
ID_test_159,46.504
ID_test_160,46.504
ID_test_161,46.504
ID_test_162,46.504
ID_test_163,46.504
ID_test_164,46.504
ID_test_165,46.504
ID_test_166,46.504
ID_test_167,46.504
ID_test_168,46.504
ID_test_169,46.504
ID_test_170,46.504
ID_test_171,46.504
ID_test_172,46.504
ID_test_173,46.504
ID_test_174,46.504
ID_test_175,46.504
ID_test_176,46.504
ID_test_177,46.504
ID_test_178,46.504
ID_test_179,46.504
ID_test_180,46.504
ID_test_181,46.504
ID_test_182,46.504
ID_test_183,46.504
ID_test_184,46.504
ID_test_185,46.504
ID_test_186,46.504
ID_test_187,46.504
ID_test_188,46.504
ID_test_189,46.504
ID_test_190,46.504
ID_test_191,46.504
ID_test_192,46.504
ID_test_193,46.504
ID_test_194,46.504
ID_test_195,46.504
ID_test_196,46.504
ID_test_197,46.504
ID_test_198,46.504
ID_test_199,46.504
ID_test_200,46.504
ID_test_201,46.504
ID_test_202,46.504
ID_test_203,46.504
ID_test_204,46.504
ID_test_205,46.504
ID_test_206,46.504
ID_test_207,46.504
ID_test_208,46.504
ID_test_209,46.504
ID_test_210,46.504
ID_test_211,46.504
ID_test_212,46.504
ID_test_213,46.504
ID_test_214,46.504
ID_test_215,46.504
ID_test_216,46.504
ID_test_217,46.504
ID_test_218,46.504
ID_test_219,46.504
ID_test_220,46.504
ID_test_221,46.504
ID_test_222,46.504
ID_test_223,46.504
ID_test_224,46.504
ID_test_225,46.504
ID_test_226,46.504
ID_test_227,46.504
ID_test_228,46.504
ID_test_229,46.504
ID_test_230,46.504
ID_test_231,46.504
ID_test_232,46.504
ID_test_233,46.504
ID_test_234,46.504
ID_test_235,46.504
ID_test_236,46.504
ID_test_237,46.504
ID_test_238,46.504
ID_test_239,46.504
ID_test_240,46.504
ID_test_241,46.504
ID_test_242,46.504
ID_test_243,46.504
ID_test_244,46.504
ID_test_245,46.504
ID_test_246,46.504
ID_test_247,46.504
ID_test_248,46.504
ID_test_249,46.504
ID_test_250,46.504
ID_test_251,46.504
ID_test_252,46.504
ID_test_253,46.504
ID_test_254,46.504
ID_test_255,46.504
ID_test_256,46.504
ID_test_257,46.504
ID_test_258,46.504
ID_test_259,46.504
ID_test_260,46.504
ID_test_261,46.504
ID_test_262,46.504
ID_test_263,46.504
ID_test_264,46.504
ID_test_265,46.504
ID_test_266,46.504
ID_test_267,46.504
ID_test_268,46.504
ID_test_269,46.504
ID_test_270,46.504
ID_test_271,46.504
ID_test_272,46.504
ID_test_273,46.504
ID_test_274,46.504
ID_test_275,46.504
ID_test_276,46.504
ID_test_277,46.504
ID_test_278,46.504
ID_test_279,46.504
ID_test_280,46.504
ID_test_281,46.504
ID_test_282,46.504
ID_test_283,46.504
ID_test_284,46.504
ID_test_285,46.504
ID_test_286,46.504
ID_test_287,46.504
ID_test_288,46.504
ID_test_289,46.504
ID_test_290,46.504
ID_test_291,46.504
ID_test_292,46.504
ID_test_293,46.504
ID_test_294,46.504
ID_test_295,46.504
ID_test_296,46.504
ID_test_297,46.504
ID_test_298,46.504
ID_test_299,46.504
ID_test_300,46.504
ID_test_301,46.504
ID_test_302,46.504
ID_test_303,46.504
ID_test_304,46.504
ID_test_305,46.504
ID_test_306,46.504
ID_test_307,46.504
ID_test_308,46.504
ID_test_309,46.504
ID_test_310,46.504
ID_test_311,46.504
ID_test_312,46.504
ID_test_313,46.504
ID_test_314,46.504
ID_test_315,46.504
ID_test_316,46.504
ID_test_317,46.504
ID_test_318,46.504
ID_test_319,46.504
ID_test_320,46.504
ID_test_321,46.504
ID_test_322,46.504
ID_test_323,46.504
ID_test_324,46.504
ID_test_325,46.504
ID_test_326,46.504
ID_test_327,46.504
ID_test_328,46.504
ID_test_329,46.504
ID_test_330,46.504
ID_test_331,46.504
ID_test_332,46.504
ID_test_333,46.504
ID_test_334,46.504
ID_test_335,46.504
ID_test_336,46.504
ID_test_337,46.504
ID_test_338,46.504
ID_test_339,46.504
ID_test_340,46.504
ID_test_341,46.504
ID_test_342,46.504
ID_test_343,46.504
ID_test_344,46.504
ID_test_345,46.504
ID_test_346,46.504
ID_test_347,46.504
ID_test_348,46.504
ID_test_349,46.504
ID_test_350,46.504
ID_test_351,46.504
ID_test_352,46.504
ID_test_353,46.504
ID_test_354,46.504
ID_test_355,46.504
ID_test_356,46.504
ID_test_357,46.504
ID_test_358,46.504
ID_test_359,46.504
ID_test_360,46.504
ID_test_361,46.504
ID_test_362,46.504
ID_test_363,46.504
ID_test_364,46.504
ID_test_365,46.504
ID_test_366,46.504
ID_test_367,46.504
ID_test_368,46.504
ID_test_369,46.504
ID_test_370,46.504
ID_test_371,46.504
ID_test_372,46.504
ID_test_373,46.504
ID_test_374,46.504
ID_test_375,46.504
ID_test_376,46.504
ID_test_377,46.504
ID_test_378,46.504
ID_test_379,46.504
ID_test_380,46.504
ID_test_381,46.504
ID_test_382,46.504
ID_test_383,46.504
ID_test_384,46.504
ID_test_385,46.504
ID_test_386,46.504
ID_test_387,46.504
ID_test_388,46.504
ID_test_389,46.504
ID_test_390,46.504
ID_test_391,46.504
ID_test_392,46.504
ID_test_393,46.504
ID_test_394,46.504
ID_test_395,46.504
ID_test_396,46.504
ID_test_397,46.504
ID_test_398,46.504
ID_test_399,46.504
ID_test_400,46.504
ID_test_401,46.504
ID_test_402,46.504
ID_test_403,46.504
ID_test_404,46.504
ID_test_405,46.504
ID_test_406,46.504
ID_test_407,46.504
ID_test_408,46.504
ID_test_409,46.504
ID_test_410,46.504
ID_test_411,46.504
ID_test_412,46.504
ID_test_413,46.504
ID_test_414,46.504
ID_test_415,46.504
ID_test_416,46.504
ID_test_417,46.504
ID_test_418,46.504
ID_test_419,46.504
ID_test_420,46.504
ID_test_421,46.504
ID_test_422,46.504
ID_test_423,46.504
ID_test_424,46.504
ID_test_425,46.504
ID_test_426,46.504
ID_test_427,46.504
ID_test_428,46.504
ID_test_429,46.504
ID_test_430,46.504
ID_test_431,46.504
ID_test_432,46.504
ID_test_433,46.504
ID_test_434,46.504
ID_test_435,46.504
ID_test_436,46.504
ID_test_437,46.504
ID_test_438,46.504
ID_test_439,46.504
ID_test_440,46.504
ID_test_441,46.504
ID_test_442,46.504
ID_test_443,46.504
ID_test_444,46.504
ID_test_445,46.504
ID_test_446,46.504
ID_test_447,46.504
ID_test_448,46.504
ID_test_449,46.504
ID_test_450,46.504
ID_test_451,46.504
ID_test_452,46.504
ID_test_453,46.504
ID_test_454,46.504
ID_test_455,46.504
ID_test_456,46.504
ID_test_457,46.504
ID_test_458,46.504
ID_test_459,46.504
ID_test_460,46.504
ID_test_461,46.504
ID_test_462,46.504
ID_test_463,46.504
ID_test_464,46.504
ID_test_465,46.504
ID_test_466,46.504
ID_test_467,46.504
ID_test_468,46.504
ID_test_469,46.504
ID_test_470,46.504
ID_test_471,46.504
ID_test_472,46.504
ID_test_473,46.504
ID_test_474,46.504
ID_test_475,46.504
ID_test_476,46.504
ID_test_477,46.504
ID_test_478,46.504
ID_test_479,46.504
ID_test_480,46.504
ID_test_481,46.504
ID_test_482,46.504
ID_test_483,46.504
ID_test_484,46.504
ID_test_485,46.504
ID_test_486,46.504
ID_test_487,46.504
ID_test_488,46.504
ID_test_489,46.504
ID_test_490,46.504
ID_test_491,46.504
ID_test_492,46.504
ID_test_493,46.504
ID_test_494,46.504
ID_test_495,46.504
ID_test_496,46.504
ID_test_497,46.504
ID_test_498,46.504
ID_test_499,46.504
ID_test_500,46.504
ID_test_501,46.504
ID_test_502,46.504
ID_test_503,46.504
ID_test_504,46.504
ID_test_505,46.504
ID_test_506,46.504
ID_test_507,46.504
ID_test_508,46.504
ID_test_509,46.504
ID_test_510,46.504
ID_test_511,46.504
ID_test_512,46.504
ID_test_513,46.504
ID_test_514,46.504
ID_test_515,46.504
ID_test_516,46.504
ID_test_517,46.504
ID_test_518,46.504
ID_test_519,46.504
ID_test_520,46.504
ID_test_521,46.504
ID_test_522,46.504
ID_test_523,46.504
ID_test_524,46.504
ID_test_525,46.504
ID_test_526,46.504
ID_test_527,46.504
ID_test_528,46.504
ID_test_529,46.504
ID_test_530,46.504
ID_test_531,46.504
ID_test_532,46.504
ID_test_533,46.504
ID_test_534,46.504
ID_test_535,46.504
ID_test_536,46.504
ID_test_537,46.504
ID_test_538,46.504
ID_test_539,46.504
ID_test_540,46.504
ID_test_541,46.504
ID_test_542,46.504
ID_test_543,46.504
ID_test_544,46.504
ID_test_545,46.504
ID_test_546,46.504
ID_test_547,46.504
ID_test_548,46.504
ID_test_549,46.504
ID_test_550,46.504
ID_test_551,46.504
ID_test_552,46.504
ID_test_553,46.504
ID_test_554,46.504
ID_test_555,46.504
ID_test_556,46.504
ID_test_557,46.504
ID_test_558,46.504
ID_test_559,46.504
ID_test_560,46.504
ID_test_561,46.504
ID_test_562,46.504
ID_test_563,46.504
ID_test_564,46.504
ID_test_565,46.504
ID_test_566,46.504
ID_test_567,46.504
ID_test_568,46.504
ID_test_569,46.504
ID_test_570,46.504
ID_test_571,46.504
ID_test_572,46.504
ID_test_573,46.504
ID_test_574,46.504
ID_test_575,46.504
ID_test_576,46.504
ID_test_577,46.504
ID_test_578,46.504
ID_test_579,46.504
ID_test_580,46.504
ID_test_581,46.504
ID_test_582,46.504
ID_test_583,46.504
ID_test_584,46.504
ID_test_585,46.504
ID_test_586,46.504
ID_test_587,46.504
ID_test_588,46.504
ID_test_589,46.504
ID_test_590,46.504
ID_test_591,46.504
ID_test_592,46.504
ID_test_593,46.504
ID_test_594,46.504
ID_test_595,46.504
ID_test_596,46.504
ID_test_597,46.504
ID_test_598,46.504
ID_test_599,46.504
ID_test_600,46.504
ID_test_601,46.504
ID_test_602,46.504
ID_test_603,46.504
ID_test_604,46.504
ID_test_605,46.504
ID_test_606,46.504
ID_test_607,46.504
ID_test_608,46.504
ID_test_609,46.504
ID_test_610,46.504
ID_test_611,46.504
ID_test_612,46.504
ID_test_613,46.504
ID_test_614,46.504
ID_test_615,46.504
ID_test_616,46.504
ID_test_617,46.504
ID_test_618,46.504
ID_test_619,46.504
ID_test_620,46.504
ID_test_621,46.504
ID_test_622,46.504
ID_test_623,46.504
ID_test_624,46.504
ID_test_625,46.504
ID_test_626,46.504
ID_test_627,46.504
ID_test_628,46.504
ID_test_629,46.504
ID_test_630,46.504
ID_test_631,46.504
ID_test_632,46.504
ID_test_633,46.504
ID_test_634,46.504
ID_test_635,46.504
ID_test_636,46.504
ID_test_637,46.504
ID_test_638,46.504
ID_test_639,46.504
ID_test_640,46.504
ID_test_641,46.504
ID_test_642,46.504
ID_test_643,46.504
ID_test_644,46.504
ID_test_645,46.504
ID_test_646,46.504
ID_test_647,46.504
ID_test_648,46.504
ID_test_649,46.504
ID_test_650,46.504
ID_test_651,46.504
ID_test_652,46.504
ID_test_653,46.504
ID_test_654,46.504
ID_test_655,46.504
ID_test_656,46.504
ID_test_657,46.504
ID_test_658,46.504
ID_test_659,46.504
ID_test_660,46.504
ID_test_661,46.504
ID_test_662,46.504
ID_test_663,46.504
ID_test_664,46.504
ID_test_665,46.504
ID_test_666,46.504
ID_test_667,46.504
ID_test_668,46.504
ID_test_669,46.504
ID_test_670,46.504
ID_test_671,46.504
ID_test_672,46.504
ID_test_673,46.504
ID_test_674,46.504
ID_test_675,46.504
ID_test_676,46.504
ID_test_677,46.504
ID_test_678,46.504
ID_test_679,46.504
ID_test_680,46.504
ID_test_681,46.504
ID_test_682,46.504
ID_test_683,46.504
ID_test_684,46.504
ID_test_685,46.504
ID_test_686,46.504
ID_test_687,46.504
ID_test_688,46.504
ID_test_689,46.504
ID_test_690,46.504
ID_test_691,46.504
ID_test_692,46.504
ID_test_693,46.504
ID_test_694,46.504
ID_test_695,46.504
ID_test_696,46.504
ID_test_697,46.504
ID_test_698,46.504
ID_test_699,46.504
ID_test_700,46.504
ID_test_701,46.504
ID_test_702,46.504
ID_test_703,46.504
ID_test_704,46.504
ID_test_705,46.504
ID_test_706,46.504
ID_test_707,46.504
ID_test_708,46.504
ID_test_709,46.504
ID_test_710,46.504
ID_test_711,46.504
ID_test_712,46.504
ID_test_713,46.504
ID_test_714,46.504
ID_test_715,46.504
ID_test_716,46.504
ID_test_717,46.504
ID_test_718,46.504
ID_test_719,46.504
ID_test_720,46.504
ID_test_721,46.504
ID_test_722,46.504
ID_test_723,46.504
ID_test_724,46.504
ID_test_725,46.504
ID_test_726,46.504
ID_test_727,46.504
ID_test_728,46.504
ID_test_729,46.504
ID_test_730,46.504
ID_test_731,46.504
ID_test_732,46.504
ID_test_733,46.504
ID_test_734,46.504
ID_test_735,46.504
ID_test_736,46.504
ID_test_737,46.504
ID_test_738,46.504
ID_test_739,46.504
ID_test_740,46.504
ID_test_741,46.504
ID_test_742,46.504
ID_test_743,46.504
ID_test_744,46.504
ID_test_745,46.504
ID_test_746,46.504
ID_test_747,46.504
ID_test_748,46.504
ID_test_749,46.504
ID_test_750,46.504
ID_test_751,46.504
ID_test_752,46.504
ID_test_753,46.504
ID_test_754,46.504
ID_test_755,46.504
ID_test_756,46.504
ID_test_757,46.504
ID_test_758,46.504
ID_test_759,46.504
ID_test_760,46.504
ID_test_761,46.504
ID_test_762,46.504
ID_test_763,46.504
ID_test_764,46.504
ID_test_765,46.504
ID_test_766,46.504
ID_test_767,46.504
ID_test_768,46.504
ID_test_769,46.504
ID_test_770,46.504
ID_test_771,46.504
ID_test_772,46.504
ID_test_773,46.504
ID_test_774,46.504
ID_test_775,46.504
ID_test_776,46.504
ID_test_777,46.504
ID_test_778,46.504
ID_test_779,46.504
ID_test_780,46.504
ID_test_781,46.504
ID_test_782,46.504
ID_test_783,46.504
ID_test_784,46.504
ID_test_785,46.504
ID_test_786,46.504
ID_test_787,46.504
ID_test_788,46.504
ID_test_789,46.504
ID_test_790,46.504
ID_test_791,46.504
ID_test_792,46.504
ID_test_793,46.504
ID_test_794,46.504
ID_test_795,46.504
ID_test_796,46.504
ID_test_797,46.504
ID_test_798,46.504
ID_test_799,46.504
ID_test_800,46.504
ID_test_801,46.504
ID_test_802,46.504
ID_test_803,46.504
ID_test_804,46.504
ID_test_805,46.504
ID_test_806,46.504
ID_test_807,46.504
ID_test_808,46.504
ID_test_809,46.504
ID_test_810,46.504
ID_test_811,46.504
ID_test_812,46.504
ID_test_813,46.504
ID_test_814,46.504
ID_test_815,46.504
ID_test_816,46.504
ID_test_817,46.504
ID_test_818,46.504
ID_test_819,46.504
ID_test_820,46.504
ID_test_821,46.504
ID_test_822,46.504
ID_test_823,46.504
ID_test_824,46.504
ID_test_825,46.504
ID_test_826,46.504
ID_test_827,46.504
ID_test_828,46.504
ID_test_829,46.504
ID_test_830,46.504
ID_test_831,46.504
ID_test_832,46.504
ID_test_833,46.504
ID_test_834,46.504
ID_test_835,46.504
ID_test_836,46.504
ID_test_837,46.504
ID_test_838,46.504
ID_test_839,46.504
ID_test_840,46.504
ID_test_841,46.504
ID_test_842,46.504
ID_test_843,46.504
ID_test_844,46.504
ID_test_845,46.504
ID_test_846,46.504
ID_test_847,46.504
ID_test_848,46.504
ID_test_849,46.504
ID_test_850,46.504
ID_test_851,46.504
ID_test_852,46.504
ID_test_853,46.504
ID_test_854,46.504
ID_test_855,46.504
ID_test_856,46.504
ID_test_857,46.504
ID_test_858,46.504
ID_test_859,46.504
ID_test_860,46.504
ID_test_861,46.504
ID_test_862,46.504
ID_test_863,46.504
ID_test_864,46.504
ID_test_865,46.504
ID_test_866,46.504
ID_test_867,46.504
ID_test_868,46.504
ID_test_869,46.504
ID_test_870,46.504
ID_test_871,46.504
ID_test_872,46.504
ID_test_873,46.504
ID_test_874,46.504
ID_test_875,46.504
ID_test_876,46.504
ID_test_877,46.504
ID_test_878,46.504
ID_test_879,46.504
ID_test_880,46.504
ID_test_881,46.504
ID_test_882,46.504
ID_test_883,46.504
ID_test_884,46.504
ID_test_885,46.504
ID_test_886,46.504
ID_test_887,46.504
ID_test_888,46.504
ID_test_889,46.504
ID_test_890,46.504
ID_test_891,46.504
ID_test_892,46.504
ID_test_893,46.504
ID_test_894,46.504
ID_test_895,46.504
ID_test_896,46.504
ID_test_897,46.504
ID_test_898,46.504
ID_test_899,46.504
ID_test_900,46.504
ID_test_901,46.504
ID_test_902,46.504
ID_test_903,46.504
ID_test_904,46.504
ID_test_905,46.504
ID_test_906,46.504
ID_test_907,46.504
ID_test_908,46.504
ID_test_909,46.504
ID_test_910,46.504
ID_test_911,46.504
ID_test_912,46.504
ID_test_913,46.504
ID_test_914,46.504
ID_test_915,46.504
ID_test_916,46.504
ID_test_917,46.504
ID_test_918,46.504
ID_test_919,46.504
ID_test_920,46.504
ID_test_921,46.504
ID_test_922,46.504
ID_test_923,46.504
ID_test_924,46.504
ID_test_925,46.504
ID_test_926,46.504
ID_test_927,46.504
ID_test_928,46.504
ID_test_929,46.504
ID_test_930,46.504
ID_test_931,46.504
ID_test_932,46.504
ID_test_933,46.504
ID_test_934,46.504
ID_test_935,46.504
ID_test_936,46.504
ID_test_937,46.504
ID_test_938,46.504
ID_test_939,46.504
ID_test_940,46.504
ID_test_941,46.504
ID_test_942,46.504
ID_test_943,46.504
ID_test_944,46.504
ID_test_945,46.504
ID_test_946,46.504
ID_test_947,46.504
ID_test_948,46.504
ID_test_949,46.504
ID_test_950,46.504
ID_test_951,46.504
ID_test_952,46.504
ID_test_953,46.504
ID_test_954,46.504
ID_test_955,46.504
ID_test_956,46.504
ID_test_957,46.504
ID_test_958,46.504
ID_test_959,46.504
ID_test_960,46.504
ID_test_961,46.504
ID_test_962,46.504
ID_test_963,46.504
ID_test_964,46.504
ID_test_965,46.504
ID_test_966,46.504
ID_test_967,46.504
ID_test_968,46.504
ID_test_969,46.504
ID_test_970,46.504
ID_test_971,46.504
ID_test_972,46.504
ID_test_973,46.504
ID_test_974,46.504
ID_test_975,46.504
ID_test_976,46.504
ID_test_977,46.504
ID_test_978,46.504
ID_test_979,46.504
ID_test_980,46.504
ID_test_981,46.504
ID_test_982,46.504
ID_test_983,46.504
ID_test_984,46.504
ID_test_985,46.504
ID_test_986,46.504
ID_test_987,46.504
ID_test_988,46.504
ID_test_989,46.504
ID_test_990,46.504
ID_test_991,46.504
ID_test_992,46.504
ID_test_993,46.504
ID_test_994,46.504
ID_test_995,46.504
ID_test_996,46.504
ID_test_997,46.504
ID_test_998,46.504
ID_test_999,46.504
ID_test_1000,46.504
ID_test_1001,46.504
ID_test_1002,46.504
ID_test_1003,46.504
ID_test_1004,46.504
ID_test_1005,46.504
ID_test_1006,46.504
ID_test_1007,46.504
ID_test_1008,46.504
ID_test_1009,46.504
ID_test_1010,46.504
ID_test_1011,46.504
ID_test_1012,46.504
ID_test_1013,46.504
ID_test_1014,46.504
ID_test_1015,46.504
ID_test_1016,46.504
ID_test_1017,46.504
ID_test_1018,46.504
ID_test_1019,46.504
ID_test_1020,46.504
ID_test_1021,46.504
ID_test_1022,46.504
ID_test_1023,46.504
ID_test_1024,46.504
ID_test_1025,46.504
ID_test_1026,46.504
ID_test_1027,46.504
ID_test_1028,46.504
ID_test_1029,46.504
ID_test_1030,46.504
ID_test_1031,46.504
ID_test_1032,46.504
ID_test_1033,46.504
ID_test_1034,46.504
ID_test_1035,46.504
ID_test_1036,46.504
ID_test_1037,46.504
ID_test_1038,46.504
ID_test_1039,46.504
ID_test_1040,46.504
ID_test_1041,46.504
ID_test_1042,46.504
ID_test_1043,46.504
ID_test_1044,46.504
ID_test_1045,46.504
ID_test_1046,46.504
ID_test_1047,46.504
ID_test_1048,46.504
ID_test_1049,46.504
ID_test_1050,46.504
ID_test_1051,46.504
ID_test_1052,46.504
ID_test_1053,46.504
ID_test_1054,46.504
ID_test_1055,46.504
ID_test_1056,46.504
ID_test_1057,46.504
ID_test_1058,46.504
ID_test_1059,46.504
ID_test_1060,46.504
ID_test_1061,46.504
ID_test_1062,46.504
ID_test_1063,46.504
ID_test_1064,46.504
ID_test_1065,46.504
ID_test_1066,46.504
ID_test_1067,46.504
ID_test_1068,46.504
ID_test_1069,46.504
ID_test_1070,46.504
ID_test_1071,46.504
ID_test_1072,46.504
ID_test_1073,46.504
ID_test_1074,46.504
ID_test_1075,46.504
ID_test_1076,46.504
ID_test_1077,46.504
ID_test_1078,46.504
ID_test_1079,46.504
ID_test_1080,46.504
ID_test_1081,46.504
ID_test_1082,46.504
ID_test_1083,46.504
ID_test_1084,46.504
ID_test_1085,46.504
ID_test_1086,46.504
ID_test_1087,46.504
ID_test_1088,46.504
ID_test_1089,46.504
ID_test_1090,46.504
ID_test_1091,46.504
ID_test_1092,46.504
ID_test_1093,46.504
ID_test_1094,46.504
ID_test_1095,46.504
ID_test_1096,46.504
ID_test_1097,46.504
ID_test_1098,46.504
ID_test_1099,46.504
ID_test_1100,46.504
ID_test_1101,46.504
ID_test_1102,46.504
ID_test_1103,46.504
ID_test_1104,46.504
ID_test_1105,46.504
ID_test_1106,46.504
ID_test_1107,46.504
ID_test_1108,46.504
ID_test_1109,46.504
ID_test_1110,46.504
ID_test_1111,46.504
ID_test_1112,46.504
ID_test_1113,46.504
ID_test_1114,46.504
ID_test_1115,46.504
ID_test_1116,46.504
ID_test_1117,46.504
ID_test_1118,46.504
ID_test_1119,46.504
ID_test_1120,46.504
ID_test_1121,46.504
ID_test_1122,46.504
ID_test_1123,46.504
ID_test_1124,46.504
ID_test_1125,46.504
ID_test_1126,46.504
ID_test_1127,46.504
ID_test_1128,46.504
ID_test_1129,46.504
ID_test_1130,46.504
ID_test_1131,46.504
ID_test_1132,46.504
ID_test_1133,46.504
ID_test_1134,46.504
ID_test_1135,46.504
ID_test_1136,46.504
ID_test_1137,46.504
ID_test_1138,46.504
ID_test_1139,46.504
ID_test_1140,46.504
ID_test_1141,46.504
ID_test_1142,46.504
ID_test_1143,46.504
ID_test_1144,46.504
ID_test_1145,46.504
ID_test_1146,46.504
ID_test_1147,46.504
ID_test_1148,46.504
ID_test_1149,46.504
ID_test_1150,46.504
ID_test_1151,46.504
ID_test_1152,46.504
ID_test_1153,46.504
ID_test_1154,46.504
ID_test_1155,46.504
ID_test_1156,46.504
ID_test_1157,46.504
ID_test_1158,46.504
ID_test_1159,46.504
ID_test_1160,46.504
ID_test_1161,46.504
ID_test_1162,46.504
ID_test_1163,46.504
ID_test_1164,46.504
ID_test_1165,46.504
ID_test_1166,46.504
ID_test_1167,46.504
ID_test_1168,46.504
ID_test_1169,46.504
ID_test_1170,46.504
ID_test_1171,46.504
ID_test_1172,46.504
ID_test_1173,46.504
ID_test_1174,46.504
ID_test_1175,46.504
ID_test_1176,46.504
ID_test_1177,46.504
ID_test_1178,46.504
ID_test_1179,46.504
ID_test_1180,46.504
ID_test_1181,46.504
ID_test_1182,46.504
ID_test_1183,46.504
ID_test_1184,46.504
ID_test_1185,46.504
ID_test_1186,46.504
ID_test_1187,46.504
ID_test_1188,46.504
ID_test_1189,46.504
ID_test_1190,46.504
ID_test_1191,46.504
ID_test_1192,46.504
ID_test_1193,46.504
ID_test_1194,46.504
ID_test_1195,46.504
ID_test_1196,46.504
ID_test_1197,46.504
ID_test_1198,46.504
ID_test_1199,46.504
ID_test_1200,46.504
ID_test_1201,46.504
ID_test_1202,46.504
ID_test_1203,46.504
ID_test_1204,46.504
ID_test_1205,46.504
ID_test_1206,46.504
ID_test_1207,46.504
ID_test_1208,46.504
ID_test_1209,46.504
ID_test_1210,46.504
ID_test_1211,46.504
ID_test_1212,46.504
ID_test_1213,46.504
ID_test_1214,46.504
ID_test_1215,46.504
ID_test_1216,46.504
ID_test_1217,46.504
ID_test_1218,46.504
ID_test_1219,46.504
ID_test_1220,46.504
ID_test_1221,46.504
ID_test_1222,46.504
ID_test_1223,46.504
ID_test_1224,46.504
ID_test_1225,46.504
ID_test_1226,46.504
ID_test_1227,46.504
ID_test_1228,46.504
ID_test_1229,46.504
ID_test_1230,46.504
ID_test_1231,46.504
ID_test_1232,46.504
ID_test_1233,46.504
ID_test_1234,46.504
ID_test_1235,46.504
ID_test_1236,46.504
ID_test_1237,46.504
ID_test_1238,46.504
ID_test_1239,46.504
ID_test_1240,46.504
ID_test_1241,46.504
ID_test_1242,46.504
ID_test_1243,46.504
ID_test_1244,46.504
ID_test_1245,46.504
ID_test_1246,46.504
ID_test_1247,46.504
ID_test_1248,46.504
ID_test_1249,46.504
ID_test_1250,46.504
ID_test_1251,46.504
ID_test_1252,46.504
ID_test_1253,46.504
ID_test_1254,46.504
ID_test_1255,46.504
ID_test_1256,46.504
ID_test_1257,46.504
ID_test_1258,46.504
ID_test_1259,46.504
ID_test_1260,46.504
ID_test_1261,46.504
ID_test_1262,46.504
ID_test_1263,46.504
ID_test_1264,46.504
ID_test_1265,46.504
ID_test_1266,46.504
ID_test_1267,46.504
ID_test_1268,46.504
ID_test_1269,46.504
ID_test_1270,46.504
ID_test_1271,46.504
ID_test_1272,46.504
ID_test_1273,46.504
ID_test_1274,46.504
ID_test_1275,46.504
ID_test_1276,46.504
ID_test_1277,46.504
ID_test_1278,46.504
ID_test_1279,46.504
ID_test_1280,46.504
ID_test_1281,46.504
ID_test_1282,46.504
ID_test_1283,46.504
ID_test_1284,46.504
ID_test_1285,46.504
ID_test_1286,46.504
ID_test_1287,46.504
ID_test_1288,46.504
ID_test_1289,46.504
ID_test_1290,46.504
ID_test_1291,46.504
ID_test_1292,46.504
ID_test_1293,46.504
ID_test_1294,46.504
ID_test_1295,46.504
ID_test_1296,46.504
ID_test_1297,46.504
ID_test_1298,46.504
ID_test_1299,46.504
ID_test_1300,46.504
ID_test_1301,46.504
ID_test_1302,46.504
ID_test_1303,46.504
ID_test_1304,46.504
ID_test_1305,46.504
ID_test_1306,46.504
ID_test_1307,46.504
ID_test_1308,46.504
ID_test_1309,46.504
ID_test_1310,46.504
ID_test_1311,46.504
ID_test_1312,46.504
ID_test_1313,46.504
ID_test_1314,46.504
ID_test_1315,46.504
ID_test_1316,46.504
ID_test_1317,46.504
ID_test_1318,46.504
ID_test_1319,46.504
ID_test_1320,46.504
ID_test_1321,46.504
ID_test_1322,46.504
ID_test_1323,46.504
ID_test_1324,46.504
ID_test_1325,46.504
ID_test_1326,46.504
ID_test_1327,46.504
ID_test_1328,46.504
ID_test_1329,46.504
ID_test_1330,46.504
ID_test_1331,46.504
ID_test_1332,46.504
ID_test_1333,46.504
ID_test_1334,46.504
ID_test_1335,46.504
ID_test_1336,46.504
ID_test_1337,46.504
ID_test_1338,46.504
ID_test_1339,46.504
ID_test_1340,46.504
ID_test_1341,46.504
ID_test_1342,46.504
ID_test_1343,46.504
ID_test_1344,46.504
ID_test_1345,46.504
ID_test_1346,46.504
ID_test_1347,46.504
ID_test_1348,46.504
ID_test_1349,46.504
ID_test_1350,46.504
ID_test_1351,46.504
ID_test_1352,46.504
ID_test_1353,46.504
ID_test_1354,46.504
ID_test_1355,46.504
ID_test_1356,46.504
ID_test_1357,46.504
ID_test_1358,46.504
ID_test_1359,46.504
ID_test_1360,46.504
ID_test_1361,46.504
ID_test_1362,46.504
ID_test_1363,46.504
ID_test_1364,46.504
ID_test_1365,46.504
ID_test_1366,46.504
ID_test_1367,46.504
ID_test_1368,46.504
ID_test_1369,46.504
ID_test_1370,46.504
ID_test_1371,46.504
ID_test_1372,46.504
ID_test_1373,46.504
ID_test_1374,46.504
ID_test_1375,46.504
ID_test_1376,46.504
ID_test_1377,46.504
ID_test_1378,46.504
ID_test_1379,46.504
ID_test_1380,46.504
ID_test_1381,46.504
ID_test_1382,46.504
ID_test_1383,46.504
ID_test_1384,46.504
ID_test_1385,46.504
ID_test_1386,46.504
ID_test_1387,46.504
ID_test_1388,46.504
ID_test_1389,46.504
ID_test_1390,46.504
ID_test_1391,46.504
ID_test_1392,46.504
ID_test_1393,46.504
ID_test_1394,46.504
ID_test_1395,46.504
ID_test_1396,46.504
ID_test_1397,46.504
ID_test_1398,46.504
ID_test_1399,46.504
ID_test_1400,46.504
ID_test_1401,46.504
ID_test_1402,46.504
ID_test_1403,46.504
ID_test_1404,46.504
ID_test_1405,46.504
ID_test_1406,46.504
ID_test_1407,46.504
ID_test_1408,46.504
ID_test_1409,46.504
ID_test_1410,46.504
ID_test_1411,46.504
ID_test_1412,46.504
ID_test_1413,46.504
ID_test_1414,46.504
ID_test_1415,46.504
ID_test_1416,46.504
ID_test_1417,46.504
ID_test_1418,46.504
ID_test_1419,46.504
ID_test_1420,46.504
ID_test_1421,46.504
ID_test_1422,46.504
ID_test_1423,46.504
ID_test_1424,46.504
ID_test_1425,46.504
ID_test_1426,46.504
ID_test_1427,46.504
ID_test_1428,46.504
ID_test_1429,46.504
ID_test_1430,46.504
ID_test_1431,46.504
ID_test_1432,46.504
ID_test_1433,46.504
ID_test_1434,46.504
ID_test_1435,46.504
ID_test_1436,46.504
ID_test_1437,46.504
ID_test_1438,46.504
ID_test_1439,46.504
ID_test_1440,46.504
ID_test_1441,46.504
ID_test_1442,46.504
ID_test_1443,46.504
ID_test_1444,46.504
ID_test_1445,46.504
ID_test_1446,46.504
ID_test_1447,46.504
ID_test_1448,46.504
ID_test_1449,46.504
ID_test_1450,46.504
ID_test_1451,46.504
ID_test_1452,46.504
ID_test_1453,46.504
ID_test_1454,46.504
ID_test_1455,46.504
ID_test_1456,46.504
ID_test_1457,46.504
ID_test_1458,46.504
ID_test_1459,46.504
ID_test_1460,46.504
ID_test_1461,46.504
ID_test_1462,46.504
ID_test_1463,46.504
ID_test_1464,46.504
ID_test_1465,46.504
ID_test_1466,46.504
ID_test_1467,46.504
ID_test_1468,46.504
ID_test_1469,46.504
ID_test_1470,46.504
ID_test_1471,46.504
ID_test_1472,46.504
ID_test_1473,46.504
ID_test_1474,46.504
ID_test_1475,46.504
ID_test_1476,46.504
ID_test_1477,46.504
ID_test_1478,46.504
ID_test_1479,46.504
ID_test_1480,46.504
ID_test_1481,46.504
ID_test_1482,46.504
ID_test_1483,46.504
ID_test_1484,46.504
ID_test_1485,46.504
ID_test_1486,46.504
ID_test_1487,46.504
ID_test_1488,46.504
ID_test_1489,46.504
ID_test_1490,46.504
ID_test_1491,46.504
ID_test_1492,46.504
ID_test_1493,46.504
ID_test_1494,46.504
ID_test_1495,46.504
ID_test_1496,46.504
ID_test_1497,46.504
ID_test_1498,46.504
ID_test_1499,46.504
ID_test_1500,46.504
ID_test_1501,46.504
ID_test_1502,46.504
ID_test_1503,46.504
ID_test_1504,46.504
ID_test_1505,46.504
ID_test_1506,46.504
ID_test_1507,46.504
ID_test_1508,46.504
ID_test_1509,46.504
ID_test_1510,46.504
ID_test_1511,46.504
ID_test_1512,46.504
ID_test_1513,46.504
ID_test_1514,46.504
ID_test_1515,46.504
ID_test_1516,46.504
ID_test_1517,46.504
ID_test_1518,46.504
ID_test_1519,46.504
ID_test_1520,46.504
ID_test_1521,46.504
ID_test_1522,46.504
ID_test_1523,46.504
ID_test_1524,46.504
ID_test_1525,46.504
ID_test_1526,46.504
ID_test_1527,46.504
ID_test_1528,46.504
ID_test_1529,46.504
ID_test_1530,46.504
ID_test_1531,46.504
ID_test_1532,46.504
ID_test_1533,46.504
ID_test_1534,46.504
ID_test_1535,46.504
ID_test_1536,46.504
ID_test_1537,46.504
ID_test_1538,46.504
ID_test_1539,46.504
ID_test_1540,46.504
ID_test_1541,46.504
ID_test_1542,46.504
ID_test_1543,46.504
ID_test_1544,46.504
ID_test_1545,46.504
ID_test_1546,46.504
ID_test_1547,46.504
ID_test_1548,46.504
ID_test_1549,46.504
ID_test_1550,46.504
ID_test_1551,46.504
ID_test_1552,46.504
ID_test_1553,46.504
ID_test_1554,46.504
ID_test_1555,46.504
ID_test_1556,46.504
ID_test_1557,46.504
ID_test_1558,46.504
ID_test_1559,46.504
ID_test_1560,46.504
ID_test_1561,46.504
ID_test_1562,46.504
ID_test_1563,46.504
ID_test_1564,46.504
ID_test_1565,46.504
ID_test_1566,46.504
ID_test_1567,46.504
ID_test_1568,46.504
ID_test_1569,46.504
ID_test_1570,46.504
ID_test_1571,46.504
ID_test_1572,46.504
ID_test_1573,46.504
ID_test_1574,46.504
ID_test_1575,46.504
ID_test_1576,46.504
ID_test_1577,46.504
ID_test_1578,46.504
ID_test_1579,46.504
ID_test_1580,46.504
ID_test_1581,46.504
ID_test_1582,46.504
ID_test_1583,46.504
ID_test_1584,46.504
ID_test_1585,46.504
ID_test_1586,46.504
ID_test_1587,46.504
ID_test_1588,46.504
ID_test_1589,46.504
ID_test_1590,46.504
ID_test_1591,46.504
ID_test_1592,46.504
ID_test_1593,46.504
ID_test_1594,46.504
ID_test_1595,46.504
ID_test_1596,46.504
ID_test_1597,46.504
ID_test_1598,46.504
ID_test_1599,46.504
ID_test_1600,46.504
ID_test_1601,46.504
ID_test_1602,46.504
ID_test_1603,46.504
ID_test_1604,46.504
ID_test_1605,46.504
ID_test_1606,46.504
ID_test_1607,46.504
ID_test_1608,46.504
ID_test_1609,46.504
ID_test_1610,46.504
ID_test_1611,46.504
ID_test_1612,46.504
ID_test_1613,46.504
ID_test_1614,46.504
ID_test_1615,46.504
ID_test_1616,46.504
ID_test_1617,46.504
ID_test_1618,46.504
ID_test_1619,46.504
ID_test_1620,46.504
ID_test_1621,46.504
ID_test_1622,46.504
ID_test_1623,46.504
ID_test_1624,46.504
ID_test_1625,46.504
ID_test_1626,46.504
ID_test_1627,46.504
ID_test_1628,46.504
ID_test_1629,46.504
ID_test_1630,46.504
ID_test_1631,46.504
ID_test_1632,46.504
ID_test_1633,46.504
ID_test_1634,46.504
ID_test_1635,46.504
ID_test_1636,46.504
ID_test_1637,46.504
ID_test_1638,46.504
ID_test_1639,46.504
ID_test_1640,46.504
ID_test_1641,46.504
ID_test_1642,46.504
ID_test_1643,46.504
ID_test_1644,46.504
ID_test_1645,46.504
ID_test_1646,46.504
ID_test_1647,46.504
ID_test_1648,46.504
ID_test_1649,46.504
ID_test_1650,46.504
ID_test_1651,46.504
ID_test_1652,46.504
ID_test_1653,46.504
ID_test_1654,46.504
ID_test_1655,46.504
ID_test_1656,46.504
ID_test_1657,46.504
ID_test_1658,46.504
ID_test_1659,46.504
ID_test_1660,46.504
ID_test_1661,46.504
ID_test_1662,46.504
ID_test_1663,46.504
ID_test_1664,46.504
ID_test_1665,46.504
ID_test_1666,46.504
ID_test_1667,46.504
ID_test_1668,46.504
ID_test_1669,46.504
ID_test_1670,46.504
ID_test_1671,46.504
ID_test_1672,46.504
ID_test_1673,46.504
ID_test_1674,46.504
ID_test_1675,46.504
ID_test_1676,46.504
ID_test_1677,46.504
ID_test_1678,46.504
ID_test_1679,46.504
ID_test_1680,46.504
ID_test_1681,46.504
ID_test_1682,46.504
ID_test_1683,46.504
ID_test_1684,46.504
ID_test_1685,46.504
ID_test_1686,46.504
ID_test_1687,46.504
ID_test_1688,46.504
ID_test_1689,46.504
ID_test_1690,46.504
ID_test_1691,46.504
ID_test_1692,46.504
ID_test_1693,46.504
ID_test_1694,46.504
ID_test_1695,46.504
ID_test_1696,46.504
ID_test_1697,46.504
ID_test_1698,46.504
ID_test_1699,46.504
ID_test_1700,46.504
ID_test_1701,46.504
ID_test_1702,46.504
ID_test_1703,46.504
ID_test_1704,46.504
ID_test_1705,46.504
ID_test_1706,46.504
ID_test_1707,46.504
ID_test_1708,46.504
ID_test_1709,46.504
ID_test_1710,46.504
ID_test_1711,46.504
ID_test_1712,46.504
ID_test_1713,46.504
ID_test_1714,46.504
ID_test_1715,46.504
ID_test_1716,46.504
ID_test_1717,46.504
ID_test_1718,46.504
ID_test_1719,46.504
ID_test_1720,46.504
ID_test_1721,46.504
ID_test_1722,46.504
ID_test_1723,46.504
ID_test_1724,46.504
ID_test_1725,46.504
ID_test_1726,46.504
ID_test_1727,46.504
ID_test_1728,46.504
ID_test_1729,46.504
ID_test_1730,46.504
ID_test_1731,46.504
ID_test_1732,46.504
ID_test_1733,46.504
ID_test_1734,46.504
ID_test_1735,46.504
ID_test_1736,46.504
ID_test_1737,46.504
ID_test_1738,46.504
ID_test_1739,46.504
ID_test_1740,46.504
ID_test_1741,46.504
ID_test_1742,46.504
ID_test_1743,46.504
ID_test_1744,46.504
ID_test_1745,46.504
ID_test_1746,46.504
ID_test_1747,46.504
ID_test_1748,46.504
ID_test_1749,46.504
ID_test_1750,46.504
ID_test_1751,46.504
ID_test_1752,46.504
ID_test_1753,46.504
ID_test_1754,46.504
ID_test_1755,46.504
ID_test_1756,46.504
ID_test_1757,46.504
ID_test_1758,46.504
ID_test_1759,46.504
ID_test_1760,46.504
ID_test_1761,46.504
ID_test_1762,46.504
ID_test_1763,46.504
ID_test_1764,46.504
ID_test_1765,46.504
ID_test_1766,46.504
ID_test_1767,46.504
ID_test_1768,46.504
ID_test_1769,46.504
ID_test_1770,46.504
ID_test_1771,46.504
ID_test_1772,46.504
ID_test_1773,46.504
ID_test_1774,46.504
ID_test_1775,46.504
ID_test_1776,46.504
ID_test_1777,46.504
ID_test_1778,46.504
ID_test_1779,46.504
ID_test_1780,46.504
ID_test_1781,46.504
ID_test_1782,46.504
ID_test_1783,46.504
ID_test_1784,46.504
ID_test_1785,46.504
ID_test_1786,46.504
ID_test_1787,46.504
ID_test_1788,46.504
ID_test_1789,46.504
ID_test_1790,46.504
ID_test_1791,46.504
ID_test_1792,46.504
ID_test_1793,46.504
ID_test_1794,46.504
ID_test_1795,46.504
ID_test_1796,46.504
ID_test_1797,46.504
ID_test_1798,46.504
ID_test_1799,46.504
ID_test_1800,46.504
ID_test_1801,46.504
ID_test_1802,46.504
ID_test_1803,46.504
ID_test_1804,46.504
ID_test_1805,46.504
ID_test_1806,46.504
ID_test_1807,46.504
ID_test_1808,46.504
ID_test_1809,46.504
ID_test_1810,46.504
ID_test_1811,46.504
ID_test_1812,46.504
ID_test_1813,46.504
ID_test_1814,46.504
ID_test_1815,46.504
ID_test_1816,46.504
ID_test_1817,46.504
ID_test_1818,46.504
ID_test_1819,46.504
ID_test_1820,46.504
ID_test_1821,46.504
ID_test_1822,46.504
ID_test_1823,46.504
ID_test_1824,46.504
ID_test_1825,46.504
ID_test_1826,46.504
ID_test_1827,46.504
ID_test_1828,46.504
ID_test_1829,46.504
ID_test_1830,46.504
ID_test_1831,46.504
ID_test_1832,46.504
ID_test_1833,46.504
ID_test_1834,46.504
ID_test_1835,46.504
ID_test_1836,46.504
ID_test_1837,46.504
ID_test_1838,46.504
ID_test_1839,46.504
ID_test_1840,46.504
ID_test_1841,46.504
ID_test_1842,46.504
ID_test_1843,46.504
ID_test_1844,46.504
ID_test_1845,46.504
ID_test_1846,46.504
ID_test_1847,46.504
ID_test_1848,46.504
ID_test_1849,46.504
ID_test_1850,46.504
ID_test_1851,46.504
ID_test_1852,46.504
ID_test_1853,46.504
ID_test_1854,46.504
ID_test_1855,46.504
ID_test_1856,46.504
ID_test_1857,46.504
ID_test_1858,46.504
ID_test_1859,46.504
ID_test_1860,46.504
ID_test_1861,46.504
ID_test_1862,46.504
ID_test_1863,46.504
ID_test_1864,46.504
ID_test_1865,46.504
ID_test_1866,46.504
ID_test_1867,46.504
ID_test_1868,46.504
ID_test_1869,46.504
ID_test_1870,46.504
ID_test_1871,46.504
ID_test_1872,46.504
ID_test_1873,46.504
ID_test_1874,46.504
ID_test_1875,46.504
ID_test_1876,46.504
ID_test_1877,46.504
ID_test_1878,46.504
ID_test_1879,46.504
ID_test_1880,46.504
ID_test_1881,46.504
ID_test_1882,46.504
ID_test_1883,46.504
ID_test_1884,46.504
ID_test_1885,46.504
ID_test_1886,46.504
ID_test_1887,46.504
ID_test_1888,46.504
ID_test_1889,46.504
ID_test_1890,46.504
ID_test_1891,46.504
ID_test_1892,46.504
ID_test_1893,46.504
ID_test_1894,46.504
ID_test_1895,46.504
ID_test_1896,46.504
ID_test_1897,46.504
ID_test_1898,46.504
ID_test_1899,46.504
ID_test_1900,46.504
ID_test_1901,46.504
ID_test_1902,46.504
ID_test_1903,46.504
ID_test_1904,46.504
ID_test_1905,46.504
ID_test_1906,46.504
ID_test_1907,46.504
ID_test_1908,46.504
ID_test_1909,46.504
ID_test_1910,46.504
ID_test_1911,46.504
ID_test_1912,46.504
ID_test_1913,46.504
ID_test_1914,46.504
ID_test_1915,46.504
ID_test_1916,46.504
ID_test_1917,46.504
ID_test_1918,46.504
ID_test_1919,46.504
ID_test_1920,46.504
ID_test_1921,46.504
ID_test_1922,46.504
ID_test_1923,46.504
ID_test_1924,46.504
ID_test_1925,46.504
ID_test_1926,46.504
ID_test_1927,46.504
ID_test_1928,46.504
ID_test_1929,46.504
ID_test_1930,46.504
ID_test_1931,46.504
ID_test_1932,46.504
ID_test_1933,46.504
ID_test_1934,46.504
ID_test_1935,46.504
ID_test_1936,46.504
ID_test_1937,46.504
ID_test_1938,46.504
ID_test_1939,46.504
ID_test_1940,46.504
ID_test_1941,46.504
ID_test_1942,46.504
ID_test_1943,46.504
ID_test_1944,46.504
ID_test_1945,46.504
ID_test_1946,46.504
ID_test_1947,46.504
ID_test_1948,46.504
ID_test_1949,46.504
ID_test_1950,46.504
ID_test_1951,46.504
ID_test_1952,46.504
ID_test_1953,46.504
ID_test_1954,46.504
ID_test_1955,46.504
ID_test_1956,46.504
ID_test_1957,46.504
ID_test_1958,46.504
ID_test_1959,46.504
ID_test_1960,46.504
ID_test_1961,46.504
ID_test_1962,46.504
ID_test_1963,46.504
ID_test_1964,46.504
ID_test_1965,46.504
ID_test_1966,46.504
ID_test_1967,46.504
ID_test_1968,46.504
ID_test_1969,46.504
ID_test_1970,46.504
ID_test_1971,46.504
ID_test_1972,46.504
ID_test_1973,46.504
ID_test_1974,46.504
ID_test_1975,46.504
ID_test_1976,46.504
ID_test_1977,46.504
ID_test_1978,46.504
ID_test_1979,46.504
ID_test_1980,46.504
ID_test_1981,46.504
ID_test_1982,46.504
ID_test_1983,46.504
ID_test_1984,46.504
ID_test_1985,46.504
ID_test_1986,46.504
ID_test_1987,46.504
ID_test_1988,46.504
ID_test_1989,46.504
ID_test_1990,46.504
ID_test_1991,46.504
ID_test_1992,46.504
ID_test_1993,46.504
ID_test_1994,46.504
ID_test_1995,46.504
ID_test_1996,46.504
ID_test_1997,46.504
ID_test_1998,46.504
ID_test_1999,46.504
ID_test_2000,46.504
ID_test_2001,46.504
ID_test_2002,46.504
ID_test_2003,46.504
ID_test_2004,46.504
ID_test_2005,46.504
ID_test_2006,46.504
ID_test_2007,46.504
ID_test_2008,46.504
ID_test_2009,46.504
ID_test_2010,46.504
ID_test_2011,46.504
ID_test_2012,46.504
ID_test_2013,46.504
ID_test_2014,46.504
ID_test_2015,46.504
ID_test_2016,46.504
ID_test_2017,46.504
ID_test_2018,46.504
ID_test_2019,46.504
ID_test_2020,46.504
ID_test_2021,46.504
ID_test_2022,46.504
ID_test_2023,46.504
ID_test_2024,46.504
ID_test_2025,46.504
ID_test_2026,46.504
ID_test_2027,46.504
ID_test_2028,46.504
ID_test_2029,46.504
ID_test_2030,46.504
ID_test_2031,46.504
ID_test_2032,46.504
ID_test_2033,46.504
ID_test_2034,46.504
ID_test_2035,46.504
ID_test_2036,46.504
ID_test_2037,46.504
ID_test_2038,46.504
ID_test_2039,46.504
ID_test_2040,46.504
ID_test_2041,46.504
ID_test_2042,46.504
ID_test_2043,46.504
ID_test_2044,46.504
ID_test_2045,46.504
ID_test_2046,46.504
ID_test_2047,46.504
ID_test_2048,46.504
ID_test_2049,46.504
ID_test_2050,46.504
ID_test_2051,46.504
ID_test_2052,46.504
ID_test_2053,46.504
ID_test_2054,46.504
ID_test_2055,46.504
ID_test_2056,46.504
ID_test_2057,46.504
ID_test_2058,46.504
ID_test_2059,46.504
ID_test_2060,46.504
ID_test_2061,46.504
ID_test_2062,46.504
ID_test_2063,46.504
ID_test_2064,46.504
ID_test_2065,46.504
ID_test_2066,46.504
ID_test_2067,46.504
ID_test_2068,46.504
ID_test_2069,46.504
ID_test_2070,46.504
ID_test_2071,46.504
ID_test_2072,46.504
ID_test_2073,46.504
ID_test_2074,46.504
ID_test_2075,46.504
ID_test_2076,46.504
ID_test_2077,46.504
ID_test_2078,46.504
ID_test_2079,46.504
ID_test_2080,46.504
ID_test_2081,46.504
ID_test_2082,46.504
ID_test_2083,46.504
ID_test_2084,46.504
ID_test_2085,46.504
ID_test_2086,46.504
ID_test_2087,46.504
ID_test_2088,46.504
ID_test_2089,46.504
ID_test_2090,46.504
ID_test_2091,46.504
ID_test_2092,46.504
ID_test_2093,46.504
ID_test_2094,46.504
ID_test_2095,46.504
ID_test_2096,46.504
ID_test_2097,46.504
ID_test_2098,46.504
ID_test_2099,46.504
ID_test_2100,46.504
ID_test_2101,46.504
ID_test_2102,46.504
ID_test_2103,46.504
ID_test_2104,46.504
ID_test_2105,46.504
ID_test_2106,46.504
ID_test_2107,46.504
ID_test_2108,46.504
ID_test_2109,46.504
ID_test_2110,46.504
ID_test_2111,46.504
ID_test_2112,46.504
ID_test_2113,46.504
ID_test_2114,46.504
ID_test_2115,46.504
ID_test_2116,46.504
ID_test_2117,46.504
ID_test_2118,46.504
ID_test_2119,46.504
ID_test_2120,46.504
ID_test_2121,46.504
ID_test_2122,46.504
ID_test_2123,46.504
ID_test_2124,46.504
ID_test_2125,46.504
ID_test_2126,46.504
ID_test_2127,46.504
ID_test_2128,46.504
ID_test_2129,46.504
ID_test_2130,46.504
ID_test_2131,46.504
ID_test_2132,46.504
ID_test_2133,46.504
ID_test_2134,46.504
ID_test_2135,46.504
ID_test_2136,46.504
ID_test_2137,46.504
ID_test_2138,46.504
ID_test_2139,46.504
ID_test_2140,46.504
ID_test_2141,46.504
ID_test_2142,46.504
ID_test_2143,46.504
ID_test_2144,46.504
ID_test_2145,46.504
ID_test_2146,46.504
ID_test_2147,46.504
ID_test_2148,46.504
ID_test_2149,46.504
ID_test_2150,46.504
ID_test_2151,46.504
ID_test_2152,46.504
ID_test_2153,46.504
ID_test_2154,46.504
ID_test_2155,46.504
ID_test_2156,46.504
ID_test_2157,46.504
ID_test_2158,46.504
ID_test_2159,46.504
ID_test_2160,46.504
ID_test_2161,46.504
ID_test_2162,46.504
ID_test_2163,46.504
ID_test_2164,46.504
ID_test_2165,46.504
ID_test_2166,46.504
ID_test_2167,46.504
ID_test_2168,46.504
ID_test_2169,46.504
ID_test_2170,46.504
ID_test_2171,46.504
ID_test_2172,46.504
ID_test_2173,46.504
ID_test_2174,46.504
ID_test_2175,46.504
ID_test_2176,46.504
ID_test_2177,46.504
ID_test_2178,46.504
ID_test_2179,46.504
ID_test_2180,46.504
ID_test_2181,46.504
ID_test_2182,46.504
ID_test_2183,46.504
ID_test_2184,46.504
ID_test_2185,46.504
ID_test_2186,46.504
ID_test_2187,46.504
ID_test_2188,46.504
ID_test_2189,46.504
ID_test_2190,46.504
ID_test_2191,46.504
ID_test_2192,46.504
ID_test_2193,46.504
ID_test_2194,46.504
ID_test_2195,46.504
ID_test_2196,46.504
ID_test_2197,46.504
ID_test_2198,46.504
ID_test_2199,46.504
ID_test_2200,46.504
ID_test_2201,46.504
ID_test_2202,46.504
ID_test_2203,46.504
ID_test_2204,46.504
ID_test_2205,46.504
ID_test_2206,46.504
ID_test_2207,46.504
ID_test_2208,46.504
ID_test_2209,46.504
ID_test_2210,46.504
ID_test_2211,46.504
ID_test_2212,46.504
ID_test_2213,46.504
ID_test_2214,46.504
ID_test_2215,46.504
ID_test_2216,46.504
ID_test_2217,46.504
ID_test_2218,46.504
ID_test_2219,46.504
ID_test_2220,46.504
ID_test_2221,46.504
ID_test_2222,46.504
ID_test_2223,46.504
ID_test_2224,46.504
ID_test_2225,46.504
ID_test_2226,46.504
ID_test_2227,46.504
ID_test_2228,46.504
ID_test_2229,46.504
ID_test_2230,46.504
ID_test_2231,46.504
ID_test_2232,46.504
ID_test_2233,46.504
ID_test_2234,46.504
ID_test_2235,46.504
ID_test_2236,46.504
ID_test_2237,46.504
ID_test_2238,46.504
ID_test_2239,46.504
ID_test_2240,46.504
ID_test_2241,46.504
ID_test_2242,46.504
ID_test_2243,46.504
ID_test_2244,46.504
ID_test_2245,46.504
ID_test_2246,46.504
ID_test_2247,46.504
ID_test_2248,46.504
ID_test_2249,46.504
ID_test_2250,46.504
ID_test_2251,46.504
ID_test_2252,46.504
ID_test_2253,46.504
ID_test_2254,46.504
ID_test_2255,46.504
ID_test_2256,46.504
ID_test_2257,46.504
ID_test_2258,46.504
ID_test_2259,46.504
ID_test_2260,46.504
ID_test_2261,46.504
ID_test_2262,46.504
ID_test_2263,46.504
ID_test_2264,46.504
ID_test_2265,46.504
ID_test_2266,46.504
ID_test_2267,46.504
ID_test_2268,46.504
ID_test_2269,46.504
ID_test_2270,46.504
ID_test_2271,46.504
ID_test_2272,46.504
ID_test_2273,46.504
ID_test_2274,46.504
ID_test_2275,46.504
ID_test_2276,46.504
ID_test_2277,46.504
ID_test_2278,46.504
ID_test_2279,46.504
ID_test_2280,46.504
ID_test_2281,46.504
ID_test_2282,46.504
ID_test_2283,46.504
ID_test_2284,46.504
ID_test_2285,46.504
ID_test_2286,46.504
ID_test_2287,46.504
ID_test_2288,46.504
ID_test_2289,46.504
ID_test_2290,46.504
ID_test_2291,46.504
ID_test_2292,46.504
ID_test_2293,46.504
ID_test_2294,46.504
ID_test_2295,46.504
ID_test_2296,46.504
ID_test_2297,46.504
ID_test_2298,46.504
ID_test_2299,46.504
ID_test_2300,46.504
ID_test_2301,46.504
ID_test_2302,46.504
ID_test_2303,46.504
ID_test_2304,46.504
ID_test_2305,46.504
ID_test_2306,46.504
ID_test_2307,46.504
ID_test_2308,46.504
ID_test_2309,46.504
ID_test_2310,46.504
ID_test_2311,46.504
ID_test_2312,46.504
ID_test_2313,46.504
ID_test_2314,46.504
ID_test_2315,46.504
ID_test_2316,46.504
ID_test_2317,46.504
ID_test_2318,46.504
ID_test_2319,46.504
ID_test_2320,46.504
ID_test_2321,46.504
ID_test_2322,46.504
ID_test_2323,46.504
ID_test_2324,46.504
ID_test_2325,46.504
ID_test_2326,46.504
ID_test_2327,46.504
ID_test_2328,46.504
ID_test_2329,46.504
ID_test_2330,46.504
ID_test_2331,46.504
ID_test_2332,46.504
ID_test_2333,46.504
ID_test_2334,46.504
ID_test_2335,46.504
ID_test_2336,46.504
ID_test_2337,46.504
ID_test_2338,46.504
ID_test_2339,46.504
ID_test_2340,46.504
ID_test_2341,46.504
ID_test_2342,46.504
ID_test_2343,46.504
ID_test_2344,46.504
ID_test_2345,46.504
ID_test_2346,46.504
ID_test_2347,46.504
ID_test_2348,46.504
ID_test_2349,46.504
ID_test_2350,46.504
ID_test_2351,46.504
ID_test_2352,46.504
ID_test_2353,46.504
ID_test_2354,46.504
ID_test_2355,46.504
ID_test_2356,46.504
ID_test_2357,46.504
ID_test_2358,46.504
ID_test_2359,46.504
ID_test_2360,46.504
ID_test_2361,46.504
ID_test_2362,46.504
ID_test_2363,46.504
ID_test_2364,46.504
ID_test_2365,46.504
ID_test_2366,46.504
ID_test_2367,46.504
ID_test_2368,46.504
ID_test_2369,46.504
ID_test_2370,46.504
ID_test_2371,46.504
ID_test_2372,46.504
ID_test_2373,46.504
ID_test_2374,46.504
ID_test_2375,46.504
ID_test_2376,46.504
ID_test_2377,46.504
ID_test_2378,46.504
ID_test_2379,46.504
ID_test_2380,46.504
ID_test_2381,46.504
ID_test_2382,46.504
ID_test_2383,46.504
ID_test_2384,46.504
ID_test_2385,46.504
ID_test_2386,46.504
ID_test_2387,46.504
ID_test_2388,46.504
ID_test_2389,46.504
ID_test_2390,46.504
ID_test_2391,46.504
ID_test_2392,46.504
ID_test_2393,46.504
ID_test_2394,46.504
ID_test_2395,46.504
ID_test_2396,46.504
ID_test_2397,46.504
ID_test_2398,46.504
ID_test_2399,46.504
ID_test_2400,46.504
ID_test_2401,46.504
ID_test_2402,46.504
ID_test_2403,46.504
ID_test_2404,46.504
ID_test_2405,46.504
ID_test_2406,46.504
ID_test_2407,46.504
ID_test_2408,46.504
ID_test_2409,46.504
ID_test_2410,46.504
ID_test_2411,46.504
ID_test_2412,46.504
ID_test_2413,46.504
ID_test_2414,46.504
ID_test_2415,46.504
ID_test_2416,46.504
ID_test_2417,46.504
ID_test_2418,46.504
ID_test_2419,46.504
ID_test_2420,46.504
ID_test_2421,46.504
ID_test_2422,46.504
ID_test_2423,46.504
ID_test_2424,46.504
ID_test_2425,46.504
ID_test_2426,46.504
ID_test_2427,46.504
ID_test_2428,46.504
ID_test_2429,46.504
ID_test_2430,46.504
ID_test_2431,46.504
ID_test_2432,46.504
ID_test_2433,46.504
ID_test_2434,46.504
ID_test_2435,46.504
ID_test_2436,46.504
ID_test_2437,46.504
ID_test_2438,46.504
ID_test_2439,46.504
ID_test_2440,46.504
ID_test_2441,46.504
ID_test_2442,46.504
ID_test_2443,46.504
ID_test_2444,46.504
ID_test_2445,46.504
ID_test_2446,46.504
ID_test_2447,46.504
ID_test_2448,46.504
ID_test_2449,46.504
ID_test_2450,46.504
ID_test_2451,46.504
ID_test_2452,46.504
ID_test_2453,46.504
ID_test_2454,46.504
ID_test_2455,46.504
ID_test_2456,46.504
ID_test_2457,46.504
ID_test_2458,46.504
ID_test_2459,46.504
ID_test_2460,46.504
ID_test_2461,46.504
ID_test_2462,46.504
ID_test_2463,46.504
ID_test_2464,46.504
ID_test_2465,46.504
ID_test_2466,46.504
ID_test_2467,46.504
ID_test_2468,46.504
ID_test_2469,46.504
ID_test_2470,46.504
ID_test_2471,46.504
ID_test_2472,46.504
ID_test_2473,46.504
ID_test_2474,46.504
ID_test_2475,46.504
ID_test_2476,46.504
ID_test_2477,46.504
ID_test_2478,46.504
ID_test_2479,46.504
ID_test_2480,46.504
ID_test_2481,46.504
ID_test_2482,46.504
ID_test_2483,46.504
ID_test_2484,46.504
ID_test_2485,46.504
ID_test_2486,46.504
ID_test_2487,46.504
ID_test_2488,46.504
ID_test_2489,46.504
ID_test_2490,46.504
ID_test_2491,46.504
ID_test_2492,46.504
ID_test_2493,46.504
ID_test_2494,46.504
ID_test_2495,46.504
ID_test_2496,46.504
ID_test_2497,46.504
ID_test_2498,46.504
ID_test_2499,46.504
ID_test_2500,46.504
ID_test_2501,46.504
ID_test_2502,46.504
ID_test_2503,46.504
ID_test_2504,46.504
ID_test_2505,46.504
ID_test_2506,46.504
ID_test_2507,46.504
ID_test_2508,46.504
ID_test_2509,46.504
ID_test_2510,46.504
ID_test_2511,46.504
ID_test_2512,46.504
ID_test_2513,46.504
ID_test_2514,46.504
ID_test_2515,46.504
ID_test_2516,46.504
ID_test_2517,46.504
ID_test_2518,46.504
ID_test_2519,46.504
ID_test_2520,46.504
ID_test_2521,46.504
ID_test_2522,46.504
ID_test_2523,46.504
ID_test_2524,46.504
ID_test_2525,46.504
ID_test_2526,46.504
ID_test_2527,46.504
ID_test_2528,46.504
ID_test_2529,46.504
ID_test_2530,46.504
ID_test_2531,46.504
ID_test_2532,46.504
ID_test_2533,46.504
ID_test_2534,46.504
ID_test_2535,46.504
ID_test_2536,46.504
ID_test_2537,46.504
ID_test_2538,46.504
ID_test_2539,46.504
ID_test_2540,46.504
ID_test_2541,46.504
ID_test_2542,46.504
ID_test_2543,46.504
ID_test_2544,46.504
ID_test_2545,46.504
ID_test_2546,46.504
ID_test_2547,46.504
ID_test_2548,46.504
ID_test_2549,46.504
ID_test_2550,46.504
ID_test_2551,46.504
ID_test_2552,46.504
ID_test_2553,46.504
ID_test_2554,46.504
ID_test_2555,46.504
ID_test_2556,46.504
ID_test_2557,46.504
ID_test_2558,46.504
ID_test_2559,46.504
ID_test_2560,46.504
ID_test_2561,46.504
ID_test_2562,46.504
ID_test_2563,46.504
ID_test_2564,46.504
ID_test_2565,46.504
ID_test_2566,46.504
ID_test_2567,46.504
ID_test_2568,46.504
ID_test_2569,46.504
ID_test_2570,46.504
ID_test_2571,46.504
ID_test_2572,46.504
ID_test_2573,46.504
ID_test_2574,46.504
ID_test_2575,46.504
ID_test_2576,46.504
ID_test_2577,46.504
ID_test_2578,46.504
ID_test_2579,46.504
ID_test_2580,46.504
ID_test_2581,46.504
ID_test_2582,46.504
ID_test_2583,46.504
ID_test_2584,46.504
ID_test_2585,46.504
ID_test_2586,46.504
ID_test_2587,46.504
ID_test_2588,46.504
ID_test_2589,46.504
ID_test_2590,46.504
ID_test_2591,46.504
ID_test_2592,46.504
ID_test_2593,46.504
ID_test_2594,46.504
ID_test_2595,46.504
ID_test_2596,46.504
ID_test_2597,46.504
ID_test_2598,46.504
ID_test_2599,46.504
ID_test_2600,46.504
ID_test_2601,46.504
ID_test_2602,46.504
ID_test_2603,46.504
ID_test_2604,46.504
ID_test_2605,46.504
ID_test_2606,46.504
ID_test_2607,46.504
ID_test_2608,46.504
ID_test_2609,46.504
ID_test_2610,46.504
ID_test_2611,46.504
ID_test_2612,46.504
ID_test_2613,46.504
ID_test_2614,46.504
ID_test_2615,46.504
ID_test_2616,46.504
ID_test_2617,46.504
ID_test_2618,46.504
ID_test_2619,46.504
ID_test_2620,46.504
ID_test_2621,46.504
ID_test_2622,46.504
ID_test_2623,46.504
ID_test_2624,46.504
ID_test_2625,46.504
ID_test_2626,46.504
ID_test_2627,46.504
ID_test_2628,46.504
ID_test_2629,46.504
ID_test_2630,46.504
ID_test_2631,46.504
ID_test_2632,46.504
ID_test_2633,46.504
ID_test_2634,46.504
ID_test_2635,46.504
ID_test_2636,46.504
ID_test_2637,46.504
ID_test_2638,46.504
ID_test_2639,46.504
ID_test_2640,46.504
ID_test_2641,46.504
ID_test_2642,46.504
ID_test_2643,46.504
ID_test_2644,46.504
ID_test_2645,46.504
ID_test_2646,46.504
ID_test_2647,46.504
ID_test_2648,46.504
ID_test_2649,46.504
ID_test_2650,46.504
ID_test_2651,46.504
ID_test_2652,46.504
ID_test_2653,46.504
ID_test_2654,46.504
ID_test_2655,46.504
ID_test_2656,46.504
ID_test_2657,46.504
ID_test_2658,46.504
ID_test_2659,46.504
ID_test_2660,46.504
ID_test_2661,46.504
ID_test_2662,46.504
ID_test_2663,46.504
ID_test_2664,46.504
ID_test_2665,46.504
ID_test_2666,46.504
ID_test_2667,46.504
ID_test_2668,46.504
ID_test_2669,46.504
ID_test_2670,46.504
ID_test_2671,46.504
ID_test_2672,46.504
ID_test_2673,46.504
ID_test_2674,46.504
ID_test_2675,46.504
ID_test_2676,46.504
ID_test_2677,46.504
ID_test_2678,46.504
ID_test_2679,46.504
ID_test_2680,46.504
ID_test_2681,46.504
ID_test_2682,46.504
ID_test_2683,46.504
ID_test_2684,46.504
ID_test_2685,46.504
ID_test_2686,46.504
ID_test_2687,46.504
ID_test_2688,46.504
ID_test_2689,46.504
ID_test_2690,46.504
ID_test_2691,46.504
ID_test_2692,46.504
ID_test_2693,46.504
ID_test_2694,46.504
ID_test_2695,46.504
ID_test_2696,46.504
ID_test_2697,46.504
ID_test_2698,46.504
ID_test_2699,46.504
ID_test_2700,46.504
ID_test_2701,46.504
ID_test_2702,46.504
ID_test_2703,46.504
ID_test_2704,46.504
ID_test_2705,46.504
ID_test_2706,46.504
ID_test_2707,46.504
ID_test_2708,46.504
ID_test_2709,46.504
ID_test_2710,46.504
ID_test_2711,46.504
ID_test_2712,46.504
ID_test_2713,46.504
ID_test_2714,46.504
ID_test_2715,46.504
ID_test_2716,46.504
ID_test_2717,46.504
ID_test_2718,46.504
ID_test_2719,46.504
ID_test_2720,46.504
ID_test_2721,46.504
ID_test_2722,46.504
ID_test_2723,46.504
ID_test_2724,46.504
ID_test_2725,46.504
ID_test_2726,46.504
ID_test_2727,46.504
ID_test_2728,46.504
ID_test_2729,46.504
ID_test_2730,46.504
ID_test_2731,46.504
ID_test_2732,46.504
ID_test_2733,46.504
ID_test_2734,46.504
ID_test_2735,46.504
ID_test_2736,46.504
ID_test_2737,46.504
ID_test_2738,46.504
ID_test_2739,46.504
ID_test_2740,46.504
ID_test_2741,46.504
ID_test_2742,46.504
ID_test_2743,46.504
ID_test_2744,46.504
ID_test_2745,46.504
ID_test_2746,46.504
ID_test_2747,46.504
ID_test_2748,46.504
ID_test_2749,46.504
ID_test_2750,46.504
ID_test_2751,46.504
ID_test_2752,46.504
ID_test_2753,46.504
ID_test_2754,46.504
ID_test_2755,46.504
ID_test_2756,46.504
ID_test_2757,46.504
ID_test_2758,46.504
ID_test_2759,46.504
ID_test_2760,46.504
ID_test_2761,46.504
ID_test_2762,46.504
ID_test_2763,46.504
ID_test_2764,46.504
ID_test_2765,46.504
ID_test_2766,46.504
ID_test_2767,46.504
ID_test_2768,46.504
ID_test_2769,46.504
ID_test_2770,46.504
ID_test_2771,46.504
ID_test_2772,46.504
ID_test_2773,46.504
ID_test_2774,46.504
ID_test_2775,46.504
ID_test_2776,46.504
ID_test_2777,46.504
ID_test_2778,46.504
ID_test_2779,46.504
ID_test_2780,46.504
ID_test_2781,46.504
ID_test_2782,46.504
ID_test_2783,46.504
ID_test_2784,46.504
ID_test_2785,46.504
ID_test_2786,46.504
ID_test_2787,46.504
ID_test_2788,46.504
ID_test_2789,46.504
ID_test_2790,46.504
ID_test_2791,46.504
ID_test_2792,46.504
ID_test_2793,46.504
ID_test_2794,46.504
ID_test_2795,46.504
ID_test_2796,46.504
ID_test_2797,46.504
ID_test_2798,46.504
ID_test_2799,46.504
ID_test_2800,46.504
ID_test_2801,46.504
ID_test_2802,46.504
ID_test_2803,46.504
ID_test_2804,46.504
ID_test_2805,46.504
ID_test_2806,46.504
ID_test_2807,46.504
ID_test_2808,46.504
ID_test_2809,46.504
ID_test_2810,46.504
ID_test_2811,46.504
ID_test_2812,46.504
ID_test_2813,46.504
ID_test_2814,46.504
ID_test_2815,46.504
ID_test_2816,46.504
ID_test_2817,46.504
ID_test_2818,46.504
ID_test_2819,46.504
ID_test_2820,46.504
ID_test_2821,46.504
ID_test_2822,46.504
ID_test_2823,46.504
ID_test_2824,46.504
ID_test_2825,46.504
ID_test_2826,46.504
ID_test_2827,46.504
ID_test_2828,46.504
ID_test_2829,46.504
ID_test_2830,46.504
ID_test_2831,46.504
ID_test_2832,46.504
ID_test_2833,46.504
ID_test_2834,46.504
ID_test_2835,46.504
ID_test_2836,46.504
ID_test_2837,46.504
ID_test_2838,46.504
ID_test_2839,46.504
ID_test_2840,46.504
ID_test_2841,46.504
ID_test_2842,46.504
ID_test_2843,46.504
ID_test_2844,46.504
ID_test_2845,46.504
ID_test_2846,46.504
ID_test_2847,46.504
ID_test_2848,46.504
ID_test_2849,46.504
ID_test_2850,46.504
ID_test_2851,46.504
ID_test_2852,46.504
ID_test_2853,46.504
ID_test_2854,46.504
ID_test_2855,46.504
ID_test_2856,46.504
ID_test_2857,46.504
ID_test_2858,46.504
ID_test_2859,46.504
ID_test_2860,46.504
ID_test_2861,46.504
ID_test_2862,46.504
ID_test_2863,46.504
ID_test_2864,46.504
ID_test_2865,46.504
ID_test_2866,46.504
ID_test_2867,46.504
ID_test_2868,46.504
ID_test_2869,46.504
ID_test_2870,46.504
ID_test_2871,46.504
ID_test_2872,46.504
ID_test_2873,46.504
ID_test_2874,46.504
ID_test_2875,46.504
ID_test_2876,46.504
ID_test_2877,46.504
ID_test_2878,46.504
ID_test_2879,46.504
ID_test_2880,46.504
ID_test_2881,46.504
ID_test_2882,46.504
ID_test_2883,46.504
ID_test_2884,46.504
ID_test_2885,46.504
ID_test_2886,46.504
ID_test_2887,46.504
ID_test_2888,46.504
ID_test_2889,46.504
ID_test_2890,46.504
ID_test_2891,46.504
ID_test_2892,46.504
ID_test_2893,46.504
ID_test_2894,46.504
ID_test_2895,46.504
ID_test_2896,46.504
ID_test_2897,46.504
ID_test_2898,46.504
ID_test_2899,46.504
ID_test_2900,46.504
ID_test_2901,46.504
ID_test_2902,46.504
ID_test_2903,46.504
ID_test_2904,46.504
ID_test_2905,46.504
ID_test_2906,46.504
ID_test_2907,46.504
ID_test_2908,46.504
ID_test_2909,46.504
ID_test_2910,46.504
ID_test_2911,46.504
ID_test_2912,46.504
ID_test_2913,46.504
ID_test_2914,46.504
ID_test_2915,46.504
ID_test_2916,46.504
ID_test_2917,46.504
ID_test_2918,46.504
ID_test_2919,46.504
ID_test_2920,46.504
ID_test_2921,46.504
ID_test_2922,46.504
ID_test_2923,46.504
ID_test_2924,46.504
ID_test_2925,46.504
ID_test_2926,46.504
ID_test_2927,46.504
ID_test_2928,46.504
ID_test_2929,46.504
ID_test_2930,46.504
ID_test_2931,46.504
ID_test_2932,46.504
ID_test_2933,46.504
ID_test_2934,46.504
ID_test_2935,46.504
ID_test_2936,46.504
ID_test_2937,46.504
ID_test_2938,46.504
ID_test_2939,46.504
ID_test_2940,46.504
ID_test_2941,46.504
ID_test_2942,46.504
ID_test_2943,46.504
ID_test_2944,46.504
ID_test_2945,46.504
ID_test_2946,46.504
ID_test_2947,46.504
ID_test_2948,46.504
ID_test_2949,46.504
ID_test_2950,46.504
ID_test_2951,46.504
ID_test_2952,46.504
ID_test_2953,46.504
ID_test_2954,46.504
ID_test_2955,46.504
ID_test_2956,46.504
ID_test_2957,46.504
ID_test_2958,46.504
ID_test_2959,46.504
ID_test_2960,46.504
ID_test_2961,46.504
ID_test_2962,46.504
ID_test_2963,46.504
ID_test_2964,46.504
ID_test_2965,46.504
ID_test_2966,46.504
ID_test_2967,46.504
ID_test_2968,46.504
ID_test_2969,46.504
ID_test_2970,46.504
ID_test_2971,46.504
ID_test_2972,46.504
ID_test_2973,46.504
ID_test_2974,46.504
ID_test_2975,46.504
ID_test_2976,46.504
ID_test_2977,46.504
ID_test_2978,46.504
ID_test_2979,46.504
ID_test_2980,46.504
ID_test_2981,46.504
ID_test_2982,46.504
ID_test_2983,46.504
ID_test_2984,46.504
ID_test_2985,46.504
ID_test_2986,46.504
ID_test_2987,46.504
ID_test_2988,46.504
ID_test_2989,46.504
ID_test_2990,46.504
ID_test_2991,46.504
ID_test_2992,46.504
ID_test_2993,46.504
ID_test_2994,46.504
ID_test_2995,46.504
ID_test_2996,46.504
ID_test_2997,46.504
ID_test_2998,46.504
ID_test_2999,46.504
ID_test_3000,46.504
ID_test_3001,46.504
ID_test_3002,46.504
ID_test_3003,46.504
ID_test_3004,46.504
ID_test_3005,46.504
ID_test_3006,46.504
ID_test_3007,46.504
ID_test_3008,46.504
ID_test_3009,46.504
ID_test_3010,46.504
ID_test_3011,46.504
ID_test_3012,46.504
ID_test_3013,46.504
ID_test_3014,46.504
ID_test_3015,46.504
ID_test_3016,46.504
ID_test_3017,46.504
ID_test_3018,46.504
ID_test_3019,46.504
ID_test_3020,46.504
ID_test_3021,46.504
ID_test_3022,46.504
ID_test_3023,46.504
ID_test_3024,46.504
ID_test_3025,46.504
ID_test_3026,46.504
ID_test_3027,46.504
ID_test_3028,46.504
ID_test_3029,46.504
ID_test_3030,46.504
ID_test_3031,46.504
ID_test_3032,46.504
ID_test_3033,46.504
ID_test_3034,46.504
ID_test_3035,46.504
ID_test_3036,46.504
ID_test_3037,46.504
ID_test_3038,46.504
ID_test_3039,46.504
ID_test_3040,46.504
ID_test_3041,46.504
ID_test_3042,46.504
ID_test_3043,46.504
ID_test_3044,46.504
ID_test_3045,46.504
ID_test_3046,46.504
ID_test_3047,46.504
ID_test_3048,46.504
ID_test_3049,46.504
ID_test_3050,46.504
ID_test_3051,46.504
ID_test_3052,46.504
ID_test_3053,46.504
ID_test_3054,46.504
ID_test_3055,46.504
ID_test_3056,46.504
ID_test_3057,46.504
ID_test_3058,46.504
ID_test_3059,46.504
ID_test_3060,46.504
ID_test_3061,46.504
ID_test_3062,46.504
ID_test_3063,46.504
ID_test_3064,46.504
ID_test_3065,46.504
ID_test_3066,46.504
ID_test_3067,46.504
ID_test_3068,46.504
ID_test_3069,46.504
ID_test_3070,46.504
ID_test_3071,46.504
ID_test_3072,46.504
ID_test_3073,46.504
ID_test_3074,46.504
ID_test_3075,46.504
ID_test_3076,46.504
ID_test_3077,46.504
ID_test_3078,46.504
ID_test_3079,46.504
ID_test_3080,46.504
ID_test_3081,46.504
ID_test_3082,46.504
ID_test_3083,46.504
ID_test_3084,46.504
ID_test_3085,46.504
ID_test_3086,46.504
ID_test_3087,46.504
ID_test_3088,46.504
ID_test_3089,46.504
ID_test_3090,46.504
ID_test_3091,46.504
ID_test_3092,46.504
ID_test_3093,46.504
ID_test_3094,46.504
ID_test_3095,46.504
ID_test_3096,46.504
ID_test_3097,46.504
ID_test_3098,46.504
ID_test_3099,46.504
ID_test_3100,46.504
ID_test_3101,46.504
ID_test_3102,46.504
ID_test_3103,46.504
ID_test_3104,46.504
ID_test_3105,46.504
ID_test_3106,46.504
ID_test_3107,46.504
ID_test_3108,46.504
ID_test_3109,46.504
ID_test_3110,46.504
ID_test_3111,46.504
ID_test_3112,46.504
ID_test_3113,46.504
ID_test_3114,46.504
ID_test_3115,46.504
ID_test_3116,46.504
ID_test_3117,46.504
ID_test_3118,46.504
ID_test_3119,46.504
ID_test_3120,46.504
ID_test_3121,46.504
ID_test_3122,46.504
ID_test_3123,46.504
ID_test_3124,46.504
ID_test_3125,46.504
ID_test_3126,46.504
ID_test_3127,46.504
ID_test_3128,46.504
ID_test_3129,46.504
ID_test_3130,46.504
ID_test_3131,46.504
ID_test_3132,46.504
ID_test_3133,46.504
ID_test_3134,46.504
ID_test_3135,46.504
ID_test_3136,46.504
ID_test_3137,46.504
ID_test_3138,46.504
ID_test_3139,46.504
ID_test_3140,46.504
ID_test_3141,46.504
ID_test_3142,46.504
ID_test_3143,46.504
ID_test_3144,46.504
ID_test_3145,46.504
ID_test_3146,46.504
ID_test_3147,46.504
ID_test_3148,46.504
ID_test_3149,46.504
ID_test_3150,46.504
ID_test_3151,46.504
ID_test_3152,46.504
ID_test_3153,46.504
ID_test_3154,46.504
ID_test_3155,46.504
ID_test_3156,46.504
ID_test_3157,46.504
ID_test_3158,46.504
ID_test_3159,46.504
ID_test_3160,46.504
ID_test_3161,46.504
ID_test_3162,46.504
ID_test_3163,46.504
ID_test_3164,46.504
ID_test_3165,46.504
ID_test_3166,46.504
ID_test_3167,46.504
ID_test_3168,46.504
ID_test_3169,46.504
ID_test_3170,46.504
ID_test_3171,46.504
ID_test_3172,46.504
ID_test_3173,46.504
ID_test_3174,46.504
ID_test_3175,46.504
ID_test_3176,46.504
ID_test_3177,46.504
ID_test_3178,46.504
ID_test_3179,46.504
ID_test_3180,46.504
ID_test_3181,46.504
ID_test_3182,46.504
ID_test_3183,46.504
ID_test_3184,46.504
ID_test_3185,46.504
ID_test_3186,46.504
ID_test_3187,46.504
ID_test_3188,46.504
ID_test_3189,46.504
ID_test_3190,46.504
ID_test_3191,46.504
ID_test_3192,46.504
ID_test_3193,46.504
ID_test_3194,46.504
ID_test_3195,46.504
ID_test_3196,46.504
ID_test_3197,46.504
ID_test_3198,46.504
ID_test_3199,46.504
ID_test_3200,46.504
ID_test_3201,46.504
ID_test_3202,46.504
ID_test_3203,46.504
ID_test_3204,46.504
ID_test_3205,46.504
ID_test_3206,46.504
ID_test_3207,46.504
ID_test_3208,46.504
ID_test_3209,46.504
ID_test_3210,46.504
ID_test_3211,46.504
ID_test_3212,46.504
ID_test_3213,46.504
ID_test_3214,46.504
ID_test_3215,46.504
ID_test_3216,46.504
ID_test_3217,46.504
ID_test_3218,46.504
ID_test_3219,46.504
ID_test_3220,46.504
ID_test_3221,46.504
ID_test_3222,46.504
ID_test_3223,46.504
ID_test_3224,46.504
ID_test_3225,46.504
ID_test_3226,46.504
ID_test_3227,46.504
ID_test_3228,46.504
ID_test_3229,46.504
ID_test_3230,46.504
ID_test_3231,46.504
ID_test_3232,46.504
ID_test_3233,46.504
ID_test_3234,46.504
ID_test_3235,46.504
ID_test_3236,46.504
ID_test_3237,46.504
ID_test_3238,46.504
ID_test_3239,46.504
ID_test_3240,46.504
ID_test_3241,46.504
ID_test_3242,46.504
ID_test_3243,46.504
ID_test_3244,46.504
ID_test_3245,46.504
ID_test_3246,46.504
ID_test_3247,46.504
ID_test_3248,46.504
ID_test_3249,46.504
ID_test_3250,46.504
ID_test_3251,46.504
ID_test_3252,46.504
ID_test_3253,46.504
ID_test_3254,46.504
ID_test_3255,46.504
ID_test_3256,46.504
ID_test_3257,46.504
ID_test_3258,46.504
ID_test_3259,46.504
ID_test_3260,46.504
ID_test_3261,46.504
ID_test_3262,46.504
ID_test_3263,46.504
ID_test_3264,46.504
ID_test_3265,46.504
ID_test_3266,46.504
ID_test_3267,46.504
ID_test_3268,46.504
ID_test_3269,46.504
ID_test_3270,46.504
ID_test_3271,46.504
ID_test_3272,46.504
ID_test_3273,46.504
ID_test_3274,46.504
ID_test_3275,46.504
ID_test_3276,46.504
ID_test_3277,46.504
ID_test_3278,46.504
ID_test_3279,46.504
ID_test_3280,46.504
ID_test_3281,46.504
ID_test_3282,46.504
ID_test_3283,46.504
ID_test_3284,46.504
ID_test_3285,46.504
ID_test_3286,46.504
ID_test_3287,46.504
ID_test_3288,46.504
ID_test_3289,46.504
ID_test_3290,46.504
ID_test_3291,46.504
ID_test_3292,46.504
ID_test_3293,46.504
ID_test_3294,46.504
ID_test_3295,46.504
ID_test_3296,46.504
ID_test_3297,46.504
ID_test_3298,46.504
ID_test_3299,46.504
ID_test_3300,46.504
ID_test_3301,46.504
ID_test_3302,46.504
ID_test_3303,46.504
ID_test_3304,46.504
ID_test_3305,46.504
ID_test_3306,46.504
ID_test_3307,46.504
ID_test_3308,46.504
ID_test_3309,46.504
ID_test_3310,46.504
ID_test_3311,46.504
ID_test_3312,46.504
ID_test_3313,46.504
ID_test_3314,46.504
ID_test_3315,46.504
ID_test_3316,46.504
ID_test_3317,46.504
ID_test_3318,46.504
ID_test_3319,46.504
ID_test_3320,46.504
ID_test_3321,46.504
ID_test_3322,46.504
ID_test_3323,46.504
ID_test_3324,46.504
ID_test_3325,46.504
ID_test_3326,46.504
ID_test_3327,46.504
ID_test_3328,46.504
ID_test_3329,46.504
ID_test_3330,46.504
ID_test_3331,46.504
ID_test_3332,46.504
ID_test_3333,46.504
ID_test_3334,46.504
ID_test_3335,46.504
ID_test_3336,46.504
ID_test_3337,46.504
ID_test_3338,46.504
ID_test_3339,46.504
ID_test_3340,46.504
ID_test_3341,46.504
ID_test_3342,46.504
ID_test_3343,46.504
ID_test_3344,46.504
ID_test_3345,46.504
ID_test_3346,46.504
ID_test_3347,46.504
ID_test_3348,46.504
ID_test_3349,46.504
ID_test_3350,46.504
ID_test_3351,46.504
ID_test_3352,46.504
ID_test_3353,46.504
ID_test_3354,46.504
ID_test_3355,46.504
ID_test_3356,46.504
ID_test_3357,46.504
ID_test_3358,46.504
ID_test_3359,46.504
ID_test_3360,46.504
ID_test_3361,46.504
ID_test_3362,46.504
ID_test_3363,46.504
ID_test_3364,46.504
ID_test_3365,46.504
ID_test_3366,46.504
ID_test_3367,46.504
ID_test_3368,46.504
ID_test_3369,46.504
ID_test_3370,46.504
ID_test_3371,46.504
ID_test_3372,46.504
ID_test_3373,46.504
ID_test_3374,46.504
ID_test_3375,46.504
ID_test_3376,46.504
ID_test_3377,46.504
ID_test_3378,46.504
ID_test_3379,46.504
ID_test_3380,46.504
ID_test_3381,46.504
ID_test_3382,46.504
ID_test_3383,46.504
ID_test_3384,46.504
ID_test_3385,46.504
ID_test_3386,46.504
ID_test_3387,46.504
ID_test_3388,46.504
ID_test_3389,46.504
ID_test_3390,46.504
ID_test_3391,46.504
ID_test_3392,46.504
ID_test_3393,46.504
ID_test_3394,46.504
ID_test_3395,46.504
ID_test_3396,46.504
ID_test_3397,46.504
ID_test_3398,46.504
ID_test_3399,46.504
ID_test_3400,46.504
ID_test_3401,46.504
ID_test_3402,46.504
ID_test_3403,46.504
ID_test_3404,46.504
ID_test_3405,46.504
ID_test_3406,46.504
ID_test_3407,46.504
ID_test_3408,46.504
ID_test_3409,46.504
ID_test_3410,46.504
ID_test_3411,46.504
ID_test_3412,46.504
ID_test_3413,46.504
ID_test_3414,46.504
ID_test_3415,46.504
ID_test_3416,46.504
ID_test_3417,46.504
ID_test_3418,46.504
ID_test_3419,46.504
ID_test_3420,46.504
ID_test_3421,46.504
ID_test_3422,46.504
ID_test_3423,46.504
ID_test_3424,46.504
ID_test_3425,46.504
ID_test_3426,46.504
ID_test_3427,46.504
ID_test_3428,46.504
ID_test_3429,46.504
ID_test_3430,46.504
ID_test_3431,46.504
ID_test_3432,46.504
ID_test_3433,46.504
ID_test_3434,46.504
ID_test_3435,46.504
ID_test_3436,46.504
ID_test_3437,46.504
ID_test_3438,46.504
ID_test_3439,46.504
ID_test_3440,46.504
ID_test_3441,46.504
ID_test_3442,46.504
ID_test_3443,46.504
ID_test_3444,46.504
ID_test_3445,46.504
ID_test_3446,46.504
ID_test_3447,46.504
ID_test_3448,46.504
ID_test_3449,46.504
ID_test_3450,46.504
ID_test_3451,46.504
ID_test_3452,46.504
ID_test_3453,46.504
ID_test_3454,46.504
ID_test_3455,46.504
ID_test_3456,46.504
ID_test_3457,46.504
ID_test_3458,46.504
ID_test_3459,46.504
ID_test_3460,46.504
ID_test_3461,46.504
ID_test_3462,46.504
ID_test_3463,46.504
ID_test_3464,46.504
ID_test_3465,46.504
ID_test_3466,46.504
ID_test_3467,46.504
ID_test_3468,46.504
ID_test_3469,46.504
ID_test_3470,46.504
ID_test_3471,46.504
ID_test_3472,46.504
ID_test_3473,46.504
ID_test_3474,46.504
ID_test_3475,46.504
ID_test_3476,46.504
ID_test_3477,46.504
ID_test_3478,46.504
ID_test_3479,46.504
ID_test_3480,46.504
ID_test_3481,46.504
ID_test_3482,46.504
ID_test_3483,46.504
ID_test_3484,46.504
ID_test_3485,46.504
ID_test_3486,46.504
ID_test_3487,46.504
ID_test_3488,46.504
ID_test_3489,46.504
ID_test_3490,46.504
ID_test_3491,46.504
ID_test_3492,46.504
ID_test_3493,46.504
ID_test_3494,46.504
ID_test_3495,46.504
ID_test_3496,46.504
ID_test_3497,46.504
ID_test_3498,46.504
ID_test_3499,46.504
ID_test_3500,46.504
ID_test_3501,46.504
ID_test_3502,46.504
ID_test_3503,46.504
ID_test_3504,46.504
ID_test_3505,46.504
ID_test_3506,46.504
ID_test_3507,46.504
ID_test_3508,46.504
ID_test_3509,46.504
ID_test_3510,46.504
ID_test_3511,46.504
ID_test_3512,46.504
ID_test_3513,46.504
ID_test_3514,46.504
ID_test_3515,46.504
ID_test_3516,46.504
ID_test_3517,46.504
ID_test_3518,46.504
ID_test_3519,46.504
ID_test_3520,46.504
ID_test_3521,46.504
ID_test_3522,46.504
ID_test_3523,46.504
ID_test_3524,46.504
ID_test_3525,46.504
ID_test_3526,46.504
ID_test_3527,46.504
ID_test_3528,46.504
ID_test_3529,46.504
ID_test_3530,46.504
ID_test_3531,46.504
ID_test_3532,46.504
ID_test_3533,46.504
ID_test_3534,46.504
ID_test_3535,46.504
ID_test_3536,46.504
ID_test_3537,46.504
ID_test_3538,46.504
ID_test_3539,46.504
ID_test_3540,46.504
ID_test_3541,46.504
ID_test_3542,46.504
ID_test_3543,46.504
ID_test_3544,46.504
ID_test_3545,46.504
ID_test_3546,46.504
ID_test_3547,46.504
ID_test_3548,46.504
ID_test_3549,46.504
ID_test_3550,46.504
ID_test_3551,46.504
ID_test_3552,46.504
ID_test_3553,46.504
ID_test_3554,46.504
ID_test_3555,46.504
ID_test_3556,46.504
ID_test_3557,46.504
ID_test_3558,46.504
ID_test_3559,46.504
ID_test_3560,46.504
ID_test_3561,46.504
ID_test_3562,46.504
ID_test_3563,46.504
ID_test_3564,46.504
ID_test_3565,46.504
ID_test_3566,46.504
ID_test_3567,46.504
ID_test_3568,46.504
ID_test_3569,46.504
ID_test_3570,46.504
ID_test_3571,46.504
ID_test_3572,46.504
ID_test_3573,46.504
ID_test_3574,46.504
ID_test_3575,46.504
ID_test_3576,46.504
ID_test_3577,46.504
ID_test_3578,46.504
ID_test_3579,46.504
ID_test_3580,46.504
ID_test_3581,46.504
ID_test_3582,46.504
ID_test_3583,46.504
ID_test_3584,46.504
ID_test_3585,46.504
ID_test_3586,46.504
ID_test_3587,46.504
ID_test_3588,46.504
ID_test_3589,46.504
ID_test_3590,46.504
ID_test_3591,46.504
ID_test_3592,46.504
ID_test_3593,46.504
ID_test_3594,46.504
ID_test_3595,46.504
ID_test_3596,46.504
ID_test_3597,46.504
ID_test_3598,46.504
ID_test_3599,46.504
ID_test_3600,46.504
ID_test_3601,46.504
ID_test_3602,46.504
ID_test_3603,46.504
ID_test_3604,46.504
ID_test_3605,46.504
ID_test_3606,46.504
ID_test_3607,46.504
ID_test_3608,46.504
ID_test_3609,46.504
ID_test_3610,46.504
ID_test_3611,46.504
ID_test_3612,46.504
ID_test_3613,46.504
ID_test_3614,46.504
ID_test_3615,46.504
ID_test_3616,46.504
ID_test_3617,46.504
ID_test_3618,46.504
ID_test_3619,46.504
ID_test_3620,46.504
ID_test_3621,46.504
ID_test_3622,46.504
ID_test_3623,46.504
ID_test_3624,46.504
ID_test_3625,46.504
ID_test_3626,46.504
ID_test_3627,46.504
ID_test_3628,46.504
ID_test_3629,46.504
ID_test_3630,46.504
ID_test_3631,46.504
ID_test_3632,46.504
ID_test_3633,46.504
ID_test_3634,46.504
ID_test_3635,46.504
ID_test_3636,46.504
ID_test_3637,46.504
ID_test_3638,46.504
ID_test_3639,46.504
ID_test_3640,46.504
ID_test_3641,46.504
ID_test_3642,46.504
ID_test_3643,46.504
ID_test_3644,46.504
ID_test_3645,46.504
ID_test_3646,46.504
ID_test_3647,46.504
ID_test_3648,46.504
ID_test_3649,46.504
ID_test_3650,46.504
ID_test_3651,46.504
ID_test_3652,46.504
ID_test_3653,46.504
ID_test_3654,46.504
ID_test_3655,46.504
ID_test_3656,46.504
ID_test_3657,46.504
ID_test_3658,46.504
ID_test_3659,46.504
ID_test_3660,46.504
ID_test_3661,46.504
ID_test_3662,46.504
ID_test_3663,46.504
ID_test_3664,46.504
ID_test_3665,46.504
ID_test_3666,46.504
ID_test_3667,46.504
ID_test_3668,46.504
ID_test_3669,46.504
ID_test_3670,46.504
ID_test_3671,46.504
ID_test_3672,46.504
ID_test_3673,46.504
ID_test_3674,46.504
ID_test_3675,46.504
ID_test_3676,46.504
ID_test_3677,46.504
ID_test_3678,46.504
ID_test_3679,46.504
ID_test_3680,46.504
ID_test_3681,46.504
ID_test_3682,46.504
ID_test_3683,46.504
ID_test_3684,46.504
ID_test_3685,46.504
ID_test_3686,46.504
ID_test_3687,46.504
ID_test_3688,46.504
ID_test_3689,46.504
ID_test_3690,46.504
ID_test_3691,46.504
ID_test_3692,46.504
ID_test_3693,46.504
ID_test_3694,46.504
ID_test_3695,46.504
ID_test_3696,46.504
ID_test_3697,46.504
ID_test_3698,46.504
ID_test_3699,46.504
ID_test_3700,46.504
ID_test_3701,46.504
ID_test_3702,46.504
ID_test_3703,46.504
ID_test_3704,46.504
ID_test_3705,46.504
ID_test_3706,46.504
ID_test_3707,46.504
ID_test_3708,46.504
ID_test_3709,46.504
ID_test_3710,46.504
ID_test_3711,46.504
ID_test_3712,46.504
ID_test_3713,46.504
ID_test_3714,46.504
ID_test_3715,46.504
ID_test_3716,46.504
ID_test_3717,46.504
ID_test_3718,46.504
ID_test_3719,46.504
ID_test_3720,46.504
ID_test_3721,46.504
ID_test_3722,46.504
ID_test_3723,46.504
ID_test_3724,46.504
ID_test_3725,46.504
ID_test_3726,46.504
ID_test_3727,46.504
ID_test_3728,46.504
ID_test_3729,46.504
ID_test_3730,46.504
ID_test_3731,46.504
ID_test_3732,46.504
ID_test_3733,46.504
ID_test_3734,46.504
ID_test_3735,46.504
ID_test_3736,46.504
ID_test_3737,46.504
ID_test_3738,46.504
ID_test_3739,46.504
ID_test_3740,46.504
ID_test_3741,46.504
ID_test_3742,46.504
ID_test_3743,46.504
ID_test_3744,46.504
ID_test_3745,46.504
ID_test_3746,46.504
ID_test_3747,46.504
ID_test_3748,46.504
ID_test_3749,46.504
ID_test_3750,46.504
ID_test_3751,46.504
ID_test_3752,46.504
ID_test_3753,46.504
ID_test_3754,46.504
ID_test_3755,46.504
ID_test_3756,46.504
ID_test_3757,46.504
ID_test_3758,46.504
ID_test_3759,46.504
ID_test_3760,46.504
ID_test_3761,46.504
ID_test_3762,46.504
ID_test_3763,46.504
ID_test_3764,46.504
ID_test_3765,46.504
ID_test_3766,46.504
ID_test_3767,46.504
ID_test_3768,46.504
ID_test_3769,46.504
ID_test_3770,46.504
ID_test_3771,46.504
ID_test_3772,46.504
ID_test_3773,46.504
ID_test_3774,46.504
ID_test_3775,46.504
ID_test_3776,46.504
ID_test_3777,46.504
ID_test_3778,46.504
ID_test_3779,46.504
ID_test_3780,46.504
ID_test_3781,46.504
ID_test_3782,46.504
ID_test_3783,46.504
ID_test_3784,46.504
ID_test_3785,46.504
ID_test_3786,46.504
ID_test_3787,46.504
ID_test_3788,46.504
ID_test_3789,46.504
ID_test_3790,46.504
ID_test_3791,46.504
ID_test_3792,46.504
ID_test_3793,46.504
ID_test_3794,46.504
ID_test_3795,46.504
ID_test_3796,46.504
ID_test_3797,46.504
ID_test_3798,46.504
ID_test_3799,46.504
ID_test_3800,46.504
ID_test_3801,46.504
ID_test_3802,46.504
ID_test_3803,46.504
ID_test_3804,46.504
ID_test_3805,46.504
ID_test_3806,46.504
ID_test_3807,46.504
ID_test_3808,46.504
ID_test_3809,46.504
ID_test_3810,46.504
ID_test_3811,46.504
ID_test_3812,46.504
ID_test_3813,46.504
ID_test_3814,46.504
ID_test_3815,46.504
ID_test_3816,46.504
ID_test_3817,46.504
ID_test_3818,46.504
ID_test_3819,46.504
ID_test_3820,46.504
ID_test_3821,46.504
ID_test_3822,46.504
ID_test_3823,46.504
ID_test_3824,46.504
ID_test_3825,46.504
ID_test_3826,46.504
ID_test_3827,46.504
ID_test_3828,46.504
ID_test_3829,46.504
ID_test_3830,46.504
ID_test_3831,46.504
ID_test_3832,46.504
ID_test_3833,46.504
ID_test_3834,46.504
ID_test_3835,46.504
ID_test_3836,46.504
ID_test_3837,46.504
ID_test_3838,46.504
ID_test_3839,46.504
ID_test_3840,46.504
ID_test_3841,46.504
ID_test_3842,46.504
ID_test_3843,46.504
ID_test_3844,46.504
ID_test_3845,46.504
ID_test_3846,46.504
ID_test_3847,46.504
ID_test_3848,46.504
ID_test_3849,46.504
ID_test_3850,46.504
ID_test_3851,46.504
ID_test_3852,46.504
ID_test_3853,46.504
ID_test_3854,46.504
ID_test_3855,46.504
ID_test_3856,46.504
ID_test_3857,46.504
ID_test_3858,46.504
ID_test_3859,46.504
ID_test_3860,46.504
ID_test_3861,46.504
ID_test_3862,46.504
ID_test_3863,46.504
ID_test_3864,46.504
ID_test_3865,46.504
ID_test_3866,46.504
ID_test_3867,46.504
ID_test_3868,46.504
ID_test_3869,46.504
ID_test_3870,46.504
ID_test_3871,46.504
ID_test_3872,46.504
ID_test_3873,46.504
ID_test_3874,46.504
ID_test_3875,46.504
ID_test_3876,46.504
ID_test_3877,46.504
ID_test_3878,46.504
ID_test_3879,46.504
ID_test_3880,46.504
ID_test_3881,46.504
ID_test_3882,46.504
ID_test_3883,46.504
ID_test_3884,46.504
ID_test_3885,46.504
ID_test_3886,46.504
ID_test_3887,46.504
ID_test_3888,46.504
ID_test_3889,46.504
ID_test_3890,46.504
ID_test_3891,46.504
ID_test_3892,46.504
ID_test_3893,46.504
ID_test_3894,46.504
ID_test_3895,46.504
ID_test_3896,46.504
ID_test_3897,46.504
ID_test_3898,46.504
ID_test_3899,46.504
ID_test_3900,46.504
ID_test_3901,46.504
ID_test_3902,46.504
ID_test_3903,46.504
ID_test_3904,46.504
ID_test_3905,46.504
ID_test_3906,46.504
ID_test_3907,46.504
ID_test_3908,46.504
ID_test_3909,46.504
ID_test_3910,46.504
ID_test_3911,46.504
ID_test_3912,46.504
ID_test_3913,46.504
ID_test_3914,46.504
ID_test_3915,46.504
ID_test_3916,46.504
ID_test_3917,46.504
ID_test_3918,46.504
ID_test_3919,46.504
ID_test_3920,46.504
ID_test_3921,46.504
ID_test_3922,46.504
ID_test_3923,46.504
ID_test_3924,46.504
ID_test_3925,46.504
ID_test_3926,46.504
ID_test_3927,46.504
ID_test_3928,46.504
ID_test_3929,46.504
ID_test_3930,46.504
ID_test_3931,46.504
ID_test_3932,46.504
ID_test_3933,46.504
ID_test_3934,46.504
ID_test_3935,46.504
ID_test_3936,46.504
ID_test_3937,46.504
ID_test_3938,46.504
ID_test_3939,46.504
ID_test_3940,46.504
ID_test_3941,46.504
ID_test_3942,46.504
ID_test_3943,46.504
ID_test_3944,46.504
ID_test_3945,46.504
ID_test_3946,46.504
ID_test_3947,46.504
ID_test_3948,46.504
ID_test_3949,46.504
ID_test_3950,46.504
ID_test_3951,46.504
ID_test_3952,46.504
ID_test_3953,46.504
ID_test_3954,46.504
ID_test_3955,46.504
ID_test_3956,46.504
ID_test_3957,46.504
ID_test_3958,46.504
ID_test_3959,46.504
ID_test_3960,46.504
ID_test_3961,46.504
ID_test_3962,46.504
ID_test_3963,46.504
ID_test_3964,46.504
ID_test_3965,46.504
ID_test_3966,46.504
ID_test_3967,46.504
ID_test_3968,46.504
ID_test_3969,46.504
ID_test_3970,46.504
ID_test_3971,46.504
ID_test_3972,46.504
ID_test_3973,46.504
ID_test_3974,46.504
ID_test_3975,46.504
ID_test_3976,46.504
ID_test_3977,46.504
ID_test_3978,46.504
ID_test_3979,46.504
ID_test_3980,46.504
ID_test_3981,46.504
ID_test_3982,46.504
ID_test_3983,46.504
ID_test_3984,46.504
ID_test_3985,46.504
ID_test_3986,46.504
ID_test_3987,46.504
ID_test_3988,46.504
ID_test_3989,46.504
ID_test_3990,46.504
ID_test_3991,46.504
ID_test_3992,46.504
ID_test_3993,46.504
ID_test_3994,46.504
ID_test_3995,46.504
ID_test_3996,46.504
ID_test_3997,46.504
ID_test_3998,46.504
ID_test_3999,46.504
ID_test_4000,46.504
ID_test_4001,46.504
ID_test_4002,46.504
ID_test_4003,46.504
ID_test_4004,46.504
ID_test_4005,46.504
ID_test_4006,46.504
ID_test_4007,46.504
ID_test_4008,46.504
ID_test_4009,46.504
ID_test_4010,46.504
ID_test_4011,46.504
ID_test_4012,46.504
ID_test_4013,46.504
ID_test_4014,46.504
ID_test_4015,46.504
ID_test_4016,46.504
ID_test_4017,46.504
ID_test_4018,46.504
ID_test_4019,46.504
ID_test_4020,46.504
ID_test_4021,46.504
ID_test_4022,46.504
ID_test_4023,46.504
ID_test_4024,46.504
ID_test_4025,46.504
ID_test_4026,46.504
ID_test_4027,46.504
ID_test_4028,46.504
ID_test_4029,46.504
ID_test_4030,46.504
ID_test_4031,46.504
ID_test_4032,46.504
ID_test_4033,46.504
ID_test_4034,46.504
ID_test_4035,46.504
ID_test_4036,46.504
ID_test_4037,46.504
ID_test_4038,46.504
ID_test_4039,46.504
ID_test_4040,46.504
ID_test_4041,46.504
ID_test_4042,46.504
ID_test_4043,46.504
ID_test_4044,46.504
ID_test_4045,46.504
ID_test_4046,46.504
ID_test_4047,46.504
ID_test_4048,46.504
ID_test_4049,46.504
ID_test_4050,46.504
ID_test_4051,46.504
ID_test_4052,46.504
ID_test_4053,46.504
ID_test_4054,46.504
ID_test_4055,46.504
ID_test_4056,46.504
ID_test_4057,46.504
ID_test_4058,46.504
ID_test_4059,46.504
ID_test_4060,46.504
ID_test_4061,46.504
ID_test_4062,46.504
ID_test_4063,46.504
ID_test_4064,46.504
ID_test_4065,46.504
ID_test_4066,46.504
ID_test_4067,46.504
ID_test_4068,46.504
ID_test_4069,46.504
ID_test_4070,46.504
ID_test_4071,46.504
ID_test_4072,46.504
ID_test_4073,46.504
ID_test_4074,46.504
ID_test_4075,46.504
ID_test_4076,46.504
ID_test_4077,46.504
ID_test_4078,46.504
ID_test_4079,46.504
ID_test_4080,46.504
ID_test_4081,46.504
ID_test_4082,46.504
ID_test_4083,46.504
ID_test_4084,46.504
ID_test_4085,46.504
ID_test_4086,46.504
ID_test_4087,46.504
ID_test_4088,46.504
ID_test_4089,46.504
ID_test_4090,46.504
ID_test_4091,46.504
ID_test_4092,46.504
ID_test_4093,46.504
ID_test_4094,46.504
ID_test_4095,46.504
ID_test_4096,46.504
ID_test_4097,46.504
ID_test_4098,46.504
ID_test_4099,46.504
ID_test_4100,46.504
ID_test_4101,46.504
ID_test_4102,46.504
ID_test_4103,46.504
ID_test_4104,46.504
ID_test_4105,46.504
ID_test_4106,46.504
ID_test_4107,46.504
ID_test_4108,46.504
ID_test_4109,46.504
ID_test_4110,46.504
ID_test_4111,46.504
ID_test_4112,46.504
ID_test_4113,46.504
ID_test_4114,46.504
ID_test_4115,46.504
ID_test_4116,46.504
ID_test_4117,46.504
ID_test_4118,46.504
ID_test_4119,46.504
ID_test_4120,46.504
ID_test_4121,46.504
ID_test_4122,46.504
ID_test_4123,46.504
ID_test_4124,46.504
ID_test_4125,46.504
ID_test_4126,46.504
ID_test_4127,46.504
ID_test_4128,46.504
ID_test_4129,46.504
ID_test_4130,46.504
ID_test_4131,46.504
ID_test_4132,46.504
ID_test_4133,46.504
ID_test_4134,46.504
ID_test_4135,46.504
ID_test_4136,46.504
ID_test_4137,46.504
ID_test_4138,46.504
ID_test_4139,46.504
ID_test_4140,46.504
ID_test_4141,46.504
ID_test_4142,46.504
ID_test_4143,46.504
ID_test_4144,46.504
ID_test_4145,46.504
ID_test_4146,46.504
ID_test_4147,46.504
ID_test_4148,46.504
ID_test_4149,46.504
ID_test_4150,46.504
ID_test_4151,46.504
ID_test_4152,46.504
ID_test_4153,46.504
ID_test_4154,46.504
ID_test_4155,46.504
ID_test_4156,46.504
ID_test_4157,46.504
ID_test_4158,46.504
ID_test_4159,46.504
ID_test_4160,46.504
ID_test_4161,46.504
ID_test_4162,46.504
ID_test_4163,46.504
ID_test_4164,46.504
ID_test_4165,46.504
ID_test_4166,46.504
ID_test_4167,46.504
ID_test_4168,46.504
ID_test_4169,46.504
ID_test_4170,46.504
ID_test_4171,46.504
ID_test_4172,46.504
ID_test_4173,46.504
ID_test_4174,46.504
ID_test_4175,46.504
ID_test_4176,46.504
ID_test_4177,46.504
ID_test_4178,46.504
ID_test_4179,46.504
ID_test_4180,46.504
ID_test_4181,46.504
ID_test_4182,46.504
ID_test_4183,46.504
ID_test_4184,46.504
ID_test_4185,46.504
ID_test_4186,46.504
ID_test_4187,46.504
ID_test_4188,46.504
ID_test_4189,46.504
ID_test_4190,46.504
ID_test_4191,46.504
ID_test_4192,46.504
ID_test_4193,46.504
ID_test_4194,46.504
ID_test_4195,46.504
ID_test_4196,46.504
ID_test_4197,46.504
ID_test_4198,46.504
ID_test_4199,46.504
ID_test_4200,46.504
ID_test_4201,46.504
ID_test_4202,46.504
ID_test_4203,46.504
ID_test_4204,46.504
ID_test_4205,46.504
ID_test_4206,46.504
ID_test_4207,46.504
ID_test_4208,46.504
ID_test_4209,46.504
ID_test_4210,46.504
ID_test_4211,46.504
ID_test_4212,46.504
ID_test_4213,46.504
ID_test_4214,46.504
ID_test_4215,46.504
ID_test_4216,46.504
ID_test_4217,46.504
ID_test_4218,46.504
ID_test_4219,46.504
ID_test_4220,46.504
ID_test_4221,46.504
ID_test_4222,46.504
ID_test_4223,46.504
ID_test_4224,46.504
ID_test_4225,46.504
ID_test_4226,46.504
ID_test_4227,46.504
ID_test_4228,46.504
ID_test_4229,46.504
ID_test_4230,46.504
ID_test_4231,46.504
ID_test_4232,46.504
ID_test_4233,46.504
ID_test_4234,46.504
ID_test_4235,46.504
ID_test_4236,46.504
ID_test_4237,46.504
ID_test_4238,46.504
ID_test_4239,46.504
ID_test_4240,46.504
ID_test_4241,46.504
ID_test_4242,46.504
ID_test_4243,46.504
ID_test_4244,46.504
ID_test_4245,46.504
ID_test_4246,46.504
ID_test_4247,46.504
ID_test_4248,46.504
ID_test_4249,46.504
ID_test_4250,46.504
ID_test_4251,46.504
ID_test_4252,46.504
ID_test_4253,46.504
ID_test_4254,46.504
ID_test_4255,46.504
ID_test_4256,46.504
ID_test_4257,46.504
ID_test_4258,46.504
ID_test_4259,46.504
ID_test_4260,46.504
ID_test_4261,46.504
ID_test_4262,46.504
ID_test_4263,46.504
ID_test_4264,46.504
ID_test_4265,46.504
ID_test_4266,46.504
ID_test_4267,46.504
ID_test_4268,46.504
ID_test_4269,46.504
ID_test_4270,46.504
ID_test_4271,46.504
ID_test_4272,46.504
ID_test_4273,46.504
ID_test_4274,46.504
ID_test_4275,46.504
ID_test_4276,46.504
ID_test_4277,46.504
ID_test_4278,46.504
ID_test_4279,46.504
ID_test_4280,46.504
ID_test_4281,46.504
ID_test_4282,46.504
ID_test_4283,46.504
ID_test_4284,46.504
ID_test_4285,46.504
ID_test_4286,46.504
ID_test_4287,46.504
ID_test_4288,46.504
ID_test_4289,46.504
ID_test_4290,46.504
ID_test_4291,46.504
ID_test_4292,46.504
ID_test_4293,46.504
ID_test_4294,46.504
ID_test_4295,46.504
ID_test_4296,46.504
ID_test_4297,46.504
ID_test_4298,46.504
ID_test_4299,46.504
ID_test_4300,46.504
ID_test_4301,46.504
ID_test_4302,46.504
ID_test_4303,46.504
ID_test_4304,46.504
ID_test_4305,46.504
ID_test_4306,46.504
ID_test_4307,46.504
ID_test_4308,46.504
ID_test_4309,46.504
ID_test_4310,46.504
ID_test_4311,46.504
ID_test_4312,46.504
ID_test_4313,46.504
ID_test_4314,46.504
ID_test_4315,46.504
ID_test_4316,46.504
ID_test_4317,46.504
ID_test_4318,46.504
ID_test_4319,46.504
ID_test_4320,46.504
ID_test_4321,46.504
ID_test_4322,46.504
ID_test_4323,46.504
ID_test_4324,46.504
ID_test_4325,46.504
ID_test_4326,46.504
ID_test_4327,46.504
ID_test_4328,46.504
ID_test_4329,46.504
ID_test_4330,46.504
ID_test_4331,46.504
ID_test_4332,46.504
ID_test_4333,46.504
ID_test_4334,46.504
ID_test_4335,46.504
ID_test_4336,46.504
ID_test_4337,46.504
ID_test_4338,46.504
ID_test_4339,46.504
ID_test_4340,46.504
ID_test_4341,46.504
ID_test_4342,46.504
ID_test_4343,46.504
ID_test_4344,46.504
ID_test_4345,46.504
ID_test_4346,46.504
ID_test_4347,46.504
ID_test_4348,46.504
ID_test_4349,46.504
ID_test_4350,46.504
ID_test_4351,46.504
ID_test_4352,46.504
ID_test_4353,46.504
ID_test_4354,46.504
ID_test_4355,46.504
ID_test_4356,46.504
ID_test_4357,46.504
ID_test_4358,46.504
ID_test_4359,46.504
ID_test_4360,46.504
ID_test_4361,46.504
ID_test_4362,46.504
ID_test_4363,46.504
ID_test_4364,46.504
ID_test_4365,46.504
ID_test_4366,46.504
ID_test_4367,46.504
ID_test_4368,46.504
ID_test_4369,46.504
ID_test_4370,46.504
ID_test_4371,46.504
ID_test_4372,46.504
ID_test_4373,46.504
ID_test_4374,46.504
ID_test_4375,46.504
ID_test_4376,46.504
ID_test_4377,46.504
ID_test_4378,46.504
ID_test_4379,46.504
ID_test_4380,46.504
ID_test_4381,46.504
ID_test_4382,46.504
ID_test_4383,46.504
ID_test_4384,46.504
ID_test_4385,46.504
ID_test_4386,46.504
ID_test_4387,46.504
ID_test_4388,46.504
ID_test_4389,46.504
ID_test_4390,46.504
ID_test_4391,46.504
ID_test_4392,46.504
ID_test_4393,46.504
ID_test_4394,46.504
ID_test_4395,46.504
ID_test_4396,46.504
ID_test_4397,46.504
ID_test_4398,46.504
ID_test_4399,46.504
ID_test_4400,46.504
ID_test_4401,46.504
ID_test_4402,46.504
ID_test_4403,46.504
ID_test_4404,46.504
ID_test_4405,46.504
ID_test_4406,46.504
ID_test_4407,46.504
ID_test_4408,46.504
ID_test_4409,46.504
ID_test_4410,46.504
ID_test_4411,46.504
ID_test_4412,46.504
ID_test_4413,46.504
ID_test_4414,46.504
ID_test_4415,46.504
ID_test_4416,46.504
ID_test_4417,46.504
ID_test_4418,46.504
ID_test_4419,46.504
ID_test_4420,46.504
ID_test_4421,46.504
ID_test_4422,46.504
ID_test_4423,46.504
ID_test_4424,46.504
ID_test_4425,46.504
ID_test_4426,46.504
ID_test_4427,46.504
ID_test_4428,46.504
ID_test_4429,46.504
ID_test_4430,46.504
ID_test_4431,46.504
ID_test_4432,46.504
ID_test_4433,46.504
ID_test_4434,46.504
ID_test_4435,46.504
ID_test_4436,46.504
ID_test_4437,46.504
ID_test_4438,46.504
ID_test_4439,46.504
ID_test_4440,46.504
ID_test_4441,46.504
ID_test_4442,46.504
ID_test_4443,46.504
ID_test_4444,46.504
ID_test_4445,46.504
ID_test_4446,46.504
ID_test_4447,46.504
ID_test_4448,46.504
ID_test_4449,46.504
ID_test_4450,46.504
ID_test_4451,46.504
ID_test_4452,46.504
ID_test_4453,46.504
ID_test_4454,46.504
ID_test_4455,46.504
ID_test_4456,46.504
ID_test_4457,46.504
ID_test_4458,46.504
ID_test_4459,46.504
ID_test_4460,46.504
ID_test_4461,46.504
ID_test_4462,46.504
ID_test_4463,46.504
ID_test_4464,46.504
ID_test_4465,46.504
ID_test_4466,46.504
ID_test_4467,46.504
ID_test_4468,46.504
ID_test_4469,46.504
ID_test_4470,46.504
ID_test_4471,46.504
ID_test_4472,46.504
ID_test_4473,46.504
ID_test_4474,46.504
ID_test_4475,46.504
ID_test_4476,46.504
ID_test_4477,46.504
ID_test_4478,46.504
ID_test_4479,46.504
ID_test_4480,46.504
ID_test_4481,46.504
ID_test_4482,46.504
ID_test_4483,46.504
ID_test_4484,46.504
ID_test_4485,46.504
ID_test_4486,46.504
ID_test_4487,46.504
ID_test_4488,46.504
ID_test_4489,46.504
ID_test_4490,46.504
ID_test_4491,46.504
ID_test_4492,46.504
ID_test_4493,46.504
ID_test_4494,46.504
ID_test_4495,46.504
ID_test_4496,46.504
ID_test_4497,46.504
ID_test_4498,46.504
ID_test_4499,46.504
ID_test_4500,46.504
ID_test_4501,46.504
ID_test_4502,46.504
ID_test_4503,46.504
ID_test_4504,46.504
ID_test_4505,46.504
ID_test_4506,46.504
ID_test_4507,46.504
ID_test_4508,46.504
ID_test_4509,46.504
ID_test_4510,46.504
ID_test_4511,46.504
ID_test_4512,46.504
ID_test_4513,46.504
ID_test_4514,46.504
ID_test_4515,46.504
ID_test_4516,46.504
ID_test_4517,46.504
ID_test_4518,46.504
ID_test_4519,46.504
ID_test_4520,46.504
ID_test_4521,46.504
ID_test_4522,46.504
ID_test_4523,46.504
ID_test_4524,46.504
ID_test_4525,46.504
ID_test_4526,46.504
ID_test_4527,46.504
ID_test_4528,46.504
ID_test_4529,46.504
ID_test_4530,46.504
ID_test_4531,46.504
ID_test_4532,46.504
ID_test_4533,46.504
ID_test_4534,46.504
ID_test_4535,46.504
ID_test_4536,46.504
ID_test_4537,46.504
ID_test_4538,46.504
ID_test_4539,46.504
ID_test_4540,46.504
ID_test_4541,46.504
ID_test_4542,46.504
ID_test_4543,46.504
ID_test_4544,46.504
ID_test_4545,46.504
ID_test_4546,46.504
ID_test_4547,46.504
ID_test_4548,46.504
ID_test_4549,46.504
ID_test_4550,46.504
ID_test_4551,46.504
ID_test_4552,46.504
ID_test_4553,46.504
ID_test_4554,46.504
ID_test_4555,46.504
ID_test_4556,46.504
ID_test_4557,46.504
ID_test_4558,46.504
ID_test_4559,46.504
ID_test_4560,46.504
ID_test_4561,46.504
ID_test_4562,46.504
ID_test_4563,46.504
ID_test_4564,46.504
ID_test_4565,46.504
ID_test_4566,46.504
ID_test_4567,46.504
ID_test_4568,46.504
ID_test_4569,46.504
ID_test_4570,46.504
ID_test_4571,46.504
ID_test_4572,46.504
ID_test_4573,46.504
ID_test_4574,46.504
ID_test_4575,46.504
ID_test_4576,46.504
ID_test_4577,46.504
ID_test_4578,46.504
ID_test_4579,46.504
ID_test_4580,46.504
ID_test_4581,46.504
ID_test_4582,46.504
ID_test_4583,46.504
ID_test_4584,46.504
ID_test_4585,46.504
ID_test_4586,46.504
ID_test_4587,46.504
ID_test_4588,46.504
ID_test_4589,46.504
ID_test_4590,46.504
ID_test_4591,46.504
ID_test_4592,46.504
ID_test_4593,46.504
ID_test_4594,46.504
ID_test_4595,46.504
ID_test_4596,46.504
ID_test_4597,46.504
ID_test_4598,46.504
ID_test_4599,46.504
ID_test_4600,46.504
ID_test_4601,46.504
ID_test_4602,46.504
ID_test_4603,46.504
ID_test_4604,46.504
ID_test_4605,46.504
ID_test_4606,46.504
ID_test_4607,46.504
ID_test_4608,46.504
ID_test_4609,46.504
ID_test_4610,46.504
ID_test_4611,46.504
ID_test_4612,46.504
ID_test_4613,46.504
ID_test_4614,46.504
ID_test_4615,46.504
ID_test_4616,46.504
ID_test_4617,46.504
ID_test_4618,46.504
ID_test_4619,46.504
ID_test_4620,46.504
ID_test_4621,46.504
ID_test_4622,46.504
ID_test_4623,46.504
ID_test_4624,46.504
ID_test_4625,46.504
ID_test_4626,46.504
ID_test_4627,46.504
ID_test_4628,46.504
ID_test_4629,46.504
ID_test_4630,46.504
ID_test_4631,46.504
ID_test_4632,46.504
ID_test_4633,46.504
ID_test_4634,46.504
ID_test_4635,46.504
ID_test_4636,46.504
ID_test_4637,46.504
ID_test_4638,46.504
ID_test_4639,46.504
ID_test_4640,46.504
ID_test_4641,46.504
ID_test_4642,46.504
ID_test_4643,46.504
ID_test_4644,46.504
ID_test_4645,46.504
ID_test_4646,46.504
ID_test_4647,46.504
ID_test_4648,46.504
ID_test_4649,46.504
ID_test_4650,46.504
ID_test_4651,46.504
ID_test_4652,46.504
ID_test_4653,46.504
ID_test_4654,46.504
ID_test_4655,46.504
ID_test_4656,46.504
ID_test_4657,46.504
ID_test_4658,46.504
ID_test_4659,46.504
ID_test_4660,46.504
ID_test_4661,46.504
ID_test_4662,46.504
ID_test_4663,46.504
ID_test_4664,46.504
ID_test_4665,46.504
ID_test_4666,46.504
ID_test_4667,46.504
ID_test_4668,46.504
ID_test_4669,46.504
ID_test_4670,46.504
ID_test_4671,46.504
ID_test_4672,46.504
ID_test_4673,46.504
ID_test_4674,46.504
ID_test_4675,46.504
ID_test_4676,46.504
ID_test_4677,46.504
ID_test_4678,46.504
ID_test_4679,46.504
ID_test_4680,46.504
ID_test_4681,46.504
ID_test_4682,46.504
ID_test_4683,46.504
ID_test_4684,46.504
ID_test_4685,46.504
ID_test_4686,46.504
ID_test_4687,46.504
ID_test_4688,46.504
ID_test_4689,46.504
ID_test_4690,46.504
ID_test_4691,46.504
ID_test_4692,46.504
ID_test_4693,46.504
ID_test_4694,46.504
ID_test_4695,46.504
ID_test_4696,46.504
ID_test_4697,46.504
ID_test_4698,46.504
ID_test_4699,46.504
ID_test_4700,46.504
ID_test_4701,46.504
ID_test_4702,46.504
ID_test_4703,46.504
ID_test_4704,46.504
ID_test_4705,46.504
ID_test_4706,46.504
ID_test_4707,46.504
ID_test_4708,46.504
ID_test_4709,46.504
ID_test_4710,46.504
ID_test_4711,46.504
ID_test_4712,46.504
ID_test_4713,46.504
ID_test_4714,46.504
ID_test_4715,46.504
ID_test_4716,46.504
ID_test_4717,46.504
ID_test_4718,46.504
ID_test_4719,46.504
ID_test_4720,46.504
ID_test_4721,46.504
ID_test_4722,46.504
ID_test_4723,46.504
ID_test_4724,46.504
ID_test_4725,46.504
ID_test_4726,46.504
ID_test_4727,46.504
ID_test_4728,46.504
ID_test_4729,46.504
ID_test_4730,46.504
ID_test_4731,46.504
ID_test_4732,46.504
ID_test_4733,46.504
ID_test_4734,46.504
ID_test_4735,46.504
ID_test_4736,46.504
ID_test_4737,46.504
ID_test_4738,46.504
ID_test_4739,46.504
ID_test_4740,46.504
ID_test_4741,46.504
ID_test_4742,46.504
ID_test_4743,46.504
ID_test_4744,46.504
ID_test_4745,46.504
ID_test_4746,46.504
ID_test_4747,46.504
ID_test_4748,46.504
ID_test_4749,46.504
ID_test_4750,46.504
ID_test_4751,46.504
ID_test_4752,46.504
ID_test_4753,46.504
ID_test_4754,46.504
ID_test_4755,46.504
ID_test_4756,46.504
ID_test_4757,46.504
ID_test_4758,46.504
ID_test_4759,46.504
ID_test_4760,46.504
ID_test_4761,46.504
ID_test_4762,46.504
ID_test_4763,46.504
ID_test_4764,46.504
ID_test_4765,46.504
ID_test_4766,46.504
ID_test_4767,46.504
ID_test_4768,46.504
ID_test_4769,46.504
ID_test_4770,46.504
ID_test_4771,46.504
ID_test_4772,46.504
ID_test_4773,46.504
ID_test_4774,46.504
ID_test_4775,46.504
ID_test_4776,46.504
ID_test_4777,46.504
ID_test_4778,46.504
ID_test_4779,46.504
ID_test_4780,46.504
ID_test_4781,46.504
ID_test_4782,46.504
ID_test_4783,46.504
ID_test_4784,46.504
ID_test_4785,46.504
ID_test_4786,46.504
ID_test_4787,46.504
ID_test_4788,46.504
ID_test_4789,46.504
ID_test_4790,46.504
ID_test_4791,46.504
ID_test_4792,46.504
ID_test_4793,46.504
ID_test_4794,46.504
ID_test_4795,46.504
ID_test_4796,46.504
ID_test_4797,46.504
ID_test_4798,46.504
ID_test_4799,46.504
ID_test_4800,46.504
ID_test_4801,46.504
ID_test_4802,46.504
ID_test_4803,46.504
ID_test_4804,46.504
ID_test_4805,46.504
ID_test_4806,46.504
ID_test_4807,46.504
ID_test_4808,46.504
ID_test_4809,46.504
ID_test_4810,46.504
ID_test_4811,46.504
ID_test_4812,46.504
ID_test_4813,46.504
ID_test_4814,46.504
ID_test_4815,46.504
ID_test_4816,46.504
ID_test_4817,46.504
ID_test_4818,46.504
ID_test_4819,46.504
ID_test_4820,46.504
ID_test_4821,46.504
ID_test_4822,46.504
ID_test_4823,46.504
ID_test_4824,46.504
ID_test_4825,46.504
ID_test_4826,46.504
ID_test_4827,46.504
ID_test_4828,46.504
ID_test_4829,46.504
ID_test_4830,46.504
ID_test_4831,46.504
ID_test_4832,46.504
ID_test_4833,46.504
ID_test_4834,46.504
ID_test_4835,46.504
ID_test_4836,46.504
ID_test_4837,46.504
ID_test_4838,46.504
ID_test_4839,46.504
ID_test_4840,46.504
ID_test_4841,46.504
ID_test_4842,46.504
ID_test_4843,46.504
ID_test_4844,46.504
ID_test_4845,46.504
ID_test_4846,46.504
ID_test_4847,46.504
ID_test_4848,46.504
ID_test_4849,46.504
ID_test_4850,46.504
ID_test_4851,46.504
ID_test_4852,46.504
ID_test_4853,46.504
ID_test_4854,46.504
ID_test_4855,46.504
ID_test_4856,46.504
ID_test_4857,46.504
ID_test_4858,46.504
ID_test_4859,46.504
ID_test_4860,46.504
ID_test_4861,46.504
ID_test_4862,46.504
ID_test_4863,46.504
ID_test_4864,46.504
ID_test_4865,46.504
ID_test_4866,46.504
ID_test_4867,46.504
ID_test_4868,46.504
ID_test_4869,46.504
ID_test_4870,46.504
ID_test_4871,46.504
ID_test_4872,46.504
ID_test_4873,46.504
ID_test_4874,46.504
ID_test_4875,46.504
ID_test_4876,46.504
ID_test_4877,46.504
ID_test_4878,46.504
ID_test_4879,46.504
ID_test_4880,46.504
ID_test_4881,46.504
ID_test_4882,46.504
ID_test_4883,46.504
ID_test_4884,46.504
ID_test_4885,46.504
ID_test_4886,46.504
ID_test_4887,46.504
ID_test_4888,46.504
ID_test_4889,46.504
ID_test_4890,46.504
ID_test_4891,46.504
ID_test_4892,46.504
ID_test_4893,46.504
ID_test_4894,46.504
ID_test_4895,46.504
ID_test_4896,46.504
ID_test_4897,46.504
ID_test_4898,46.504
ID_test_4899,46.504
ID_test_4900,46.504
ID_test_4901,46.504
ID_test_4902,46.504
ID_test_4903,46.504
ID_test_4904,46.504
ID_test_4905,46.504
ID_test_4906,46.504
ID_test_4907,46.504
ID_test_4908,46.504
ID_test_4909,46.504
ID_test_4910,46.504
ID_test_4911,46.504
ID_test_4912,46.504
ID_test_4913,46.504
ID_test_4914,46.504
ID_test_4915,46.504
ID_test_4916,46.504
ID_test_4917,46.504
ID_test_4918,46.504
ID_test_4919,46.504
ID_test_4920,46.504
ID_test_4921,46.504
ID_test_4922,46.504
ID_test_4923,46.504
ID_test_4924,46.504
ID_test_4925,46.504
ID_test_4926,46.504
ID_test_4927,46.504
ID_test_4928,46.504
ID_test_4929,46.504
ID_test_4930,46.504
ID_test_4931,46.504
ID_test_4932,46.504
ID_test_4933,46.504
ID_test_4934,46.504
ID_test_4935,46.504
ID_test_4936,46.504
ID_test_4937,46.504
ID_test_4938,46.504
ID_test_4939,46.504
ID_test_4940,46.504
ID_test_4941,46.504
ID_test_4942,46.504
ID_test_4943,46.504
ID_test_4944,46.504
ID_test_4945,46.504
ID_test_4946,46.504
ID_test_4947,46.504
ID_test_4948,46.504
ID_test_4949,46.504
ID_test_4950,46.504
ID_test_4951,46.504
ID_test_4952,46.504
ID_test_4953,46.504
ID_test_4954,46.504
ID_test_4955,46.504
ID_test_4956,46.504
ID_test_4957,46.504
ID_test_4958,46.504
ID_test_4959,46.504
ID_test_4960,46.504
ID_test_4961,46.504
ID_test_4962,46.504
ID_test_4963,46.504
ID_test_4964,46.504
ID_test_4965,46.504
ID_test_4966,46.504
ID_test_4967,46.504
ID_test_4968,46.504
ID_test_4969,46.504
ID_test_4970,46.504
ID_test_4971,46.504
ID_test_4972,46.504
ID_test_4973,46.504
ID_test_4974,46.504
ID_test_4975,46.504
ID_test_4976,46.504
ID_test_4977,46.504
ID_test_4978,46.504
ID_test_4979,46.504
ID_test_4980,46.504
ID_test_4981,46.504
ID_test_4982,46.504
ID_test_4983,46.504
ID_test_4984,46.504
ID_test_4985,46.504
ID_test_4986,46.504
ID_test_4987,46.504
ID_test_4988,46.504
ID_test_4989,46.504
ID_test_4990,46.504
ID_test_4991,46.504
ID_test_4992,46.504
ID_test_4993,46.504
ID_test_4994,46.504
ID_test_4995,46.504
ID_test_4996,46.504
ID_test_4997,46.504
ID_test_4998,46.504
ID_test_4999,46.504
ID_test_5000,46.504
ID_test_5001,46.504
ID_test_5002,46.504
ID_test_5003,46.504
ID_test_5004,46.504
ID_test_5005,46.504
ID_test_5006,46.504
ID_test_5007,46.504
ID_test_5008,46.504
ID_test_5009,46.504
ID_test_5010,46.504
ID_test_5011,46.504
ID_test_5012,46.504
ID_test_5013,46.504
ID_test_5014,46.504
ID_test_5015,46.504
ID_test_5016,46.504
ID_test_5017,46.504
ID_test_5018,46.504
ID_test_5019,46.504
ID_test_5020,46.504
ID_test_5021,46.504
ID_test_5022,46.504
ID_test_5023,46.504
ID_test_5024,46.504
ID_test_5025,46.504
ID_test_5026,46.504
ID_test_5027,46.504
ID_test_5028,46.504
ID_test_5029,46.504
ID_test_5030,46.504
ID_test_5031,46.504
ID_test_5032,46.504
ID_test_5033,46.504
ID_test_5034,46.504
