"ID","target"
"ID_test_0",72.8
"ID_test_1",72.8
"ID_test_10",50.5
"ID_test_100",72.8
"ID_test_1000",50.5
"ID_test_1001",50.5
"ID_test_1002",50.5
"ID_test_1003",72.8
"ID_test_1004",50.5
"ID_test_1005",33
"ID_test_1006",72.8
"ID_test_1007",46.8
"ID_test_1008",72.8
"ID_test_1009",50.5
"ID_test_101",72.8
"ID_test_1010",46.8
"ID_test_1011",46.8
"ID_test_1012",50.5
"ID_test_1013",50.5
"ID_test_1014",50.5
"ID_test_1015",43.5
"ID_test_1016",43.5
"ID_test_1017",33
"ID_test_1018",50.5
"ID_test_1019",43.5
"ID_test_102",46.8
"ID_test_1020",43.5
"ID_test_1021",46.8
"ID_test_1022",43.5
"ID_test_1023",72.8
"ID_test_1024",50.5
"ID_test_1025",46.8
"ID_test_1026",72.8
"ID_test_1027",46.8
"ID_test_1028",46.8
"ID_test_1029",33
"ID_test_103",50.5
"ID_test_1030",72.8
"ID_test_1031",46.8
"ID_test_1032",50.5
"ID_test_1033",46.8
"ID_test_1034",50.5
"ID_test_1035",43.5
"ID_test_1036",50.5
"ID_test_1037",46.8
"ID_test_1038",33
"ID_test_1039",33
"ID_test_104",46.8
"ID_test_1040",33
"ID_test_1041",50.5
"ID_test_1042",46.8
"ID_test_1043",46.8
"ID_test_1044",72.8
"ID_test_1045",72.8
"ID_test_1046",46.8
"ID_test_1047",33
"ID_test_1048",46.8
"ID_test_1049",50.5
"ID_test_105",33
"ID_test_1050",50.5
"ID_test_1051",50.5
"ID_test_1052",33
"ID_test_1053",43.5
"ID_test_1054",46.8
"ID_test_1055",50.5
"ID_test_1056",50.5
"ID_test_1057",33
"ID_test_1058",50.5
"ID_test_1059",50.5
"ID_test_106",46.8
"ID_test_1060",46.8
"ID_test_1061",43.5
"ID_test_1062",50.5
"ID_test_1063",50.5
"ID_test_1064",46.8
"ID_test_1065",46.8
"ID_test_1066",50.5
"ID_test_1067",50.5
"ID_test_1068",50.5
"ID_test_1069",46.8
"ID_test_107",33
"ID_test_1070",72.8
"ID_test_1071",72.8
"ID_test_1072",46.8
"ID_test_1073",33
"ID_test_1074",46.8
"ID_test_1075",72.8
"ID_test_1076",72.8
"ID_test_1077",50.5
"ID_test_1078",50.5
"ID_test_1079",46.8
"ID_test_108",43.5
"ID_test_1080",50.5
"ID_test_1081",43.5
"ID_test_1082",72.8
"ID_test_1083",72.8
"ID_test_1084",50.5
"ID_test_1085",72.8
"ID_test_1086",72.8
"ID_test_1087",50.5
"ID_test_1088",46.8
"ID_test_1089",33
"ID_test_109",46.8
"ID_test_1090",50.5
"ID_test_1091",46.8
"ID_test_1092",33
"ID_test_1093",33
"ID_test_1094",33
"ID_test_1095",50.5
"ID_test_1096",50.5
"ID_test_1097",72.8
"ID_test_1098",46.8
"ID_test_1099",46.8
"ID_test_11",50.5
"ID_test_110",50.5
"ID_test_1100",33
"ID_test_1101",46.8
"ID_test_1102",33
"ID_test_1103",33
"ID_test_1104",46.8
"ID_test_1105",43.5
"ID_test_1106",46.8
"ID_test_1107",72.8
"ID_test_1108",50.5
"ID_test_1109",33
"ID_test_111",43.5
"ID_test_1110",50.5
"ID_test_1111",72.8
"ID_test_1112",72.8
"ID_test_1113",43.5
"ID_test_1114",50.5
"ID_test_1115",46.8
"ID_test_1116",46.8
"ID_test_1117",46.8
"ID_test_1118",43.5
"ID_test_1119",46.8
"ID_test_112",43.5
"ID_test_1120",50.5
"ID_test_1121",72.8
"ID_test_1122",46.8
"ID_test_1123",46.8
"ID_test_1124",50.5
"ID_test_1125",46.8
"ID_test_1126",50.5
"ID_test_1127",46.8
"ID_test_1128",50.5
"ID_test_1129",50.5
"ID_test_113",50.5
"ID_test_1130",72.8
"ID_test_1131",33
"ID_test_1132",72.8
"ID_test_1133",33
"ID_test_1134",43.5
"ID_test_1135",50.5
"ID_test_1136",50.5
"ID_test_1137",50.5
"ID_test_1138",43.5
"ID_test_1139",72.8
"ID_test_114",46.8
"ID_test_1140",46.8
"ID_test_1141",46.8
"ID_test_1142",50.5
"ID_test_1143",50.5
"ID_test_1144",72.8
"ID_test_1145",72.8
"ID_test_1146",50.5
"ID_test_1147",33
"ID_test_1148",50.5
"ID_test_1149",50.5
"ID_test_115",72.8
"ID_test_1150",72.8
"ID_test_1151",33
"ID_test_1152",46.8
"ID_test_1153",46.8
"ID_test_1154",50.5
"ID_test_1155",46.8
"ID_test_1156",72.8
"ID_test_1157",72.8
"ID_test_1158",33
"ID_test_1159",43.5
"ID_test_116",72.8
"ID_test_1160",72.8
"ID_test_1161",33
"ID_test_1162",43.5
"ID_test_1163",46.8
"ID_test_1164",46.8
"ID_test_1165",72.8
"ID_test_1166",50.5
"ID_test_1167",43.5
"ID_test_1168",46.8
"ID_test_1169",50.5
"ID_test_117",50.5
"ID_test_1170",50.5
"ID_test_1171",43.5
"ID_test_1172",50.5
"ID_test_1173",33
"ID_test_1174",50.5
"ID_test_1175",50.5
"ID_test_1176",33
"ID_test_1177",46.8
"ID_test_1178",72.8
"ID_test_1179",33
"ID_test_118",33
"ID_test_1180",72.8
"ID_test_1181",46.8
"ID_test_1182",72.8
"ID_test_1183",72.8
"ID_test_1184",46.8
"ID_test_1185",46.8
"ID_test_1186",50.5
"ID_test_1187",43.5
"ID_test_1188",72.8
"ID_test_1189",50.5
"ID_test_119",46.8
"ID_test_1190",33
"ID_test_1191",43.5
"ID_test_1192",50.5
"ID_test_1193",50.5
"ID_test_1194",46.8
"ID_test_1195",46.8
"ID_test_1196",50.5
"ID_test_1197",43.5
"ID_test_1198",46.8
"ID_test_1199",46.8
"ID_test_12",46.8
"ID_test_120",50.5
"ID_test_1200",46.8
"ID_test_1201",50.5
"ID_test_1202",33
"ID_test_1203",72.8
"ID_test_1204",46.8
"ID_test_1205",33
"ID_test_1206",72.8
"ID_test_1207",72.8
"ID_test_1208",50.5
"ID_test_1209",50.5
"ID_test_121",72.8
"ID_test_1210",33
"ID_test_1211",46.8
"ID_test_1212",33
"ID_test_1213",33
"ID_test_1214",46.8
"ID_test_1215",46.8
"ID_test_1216",50.5
"ID_test_1217",46.8
"ID_test_1218",43.5
"ID_test_1219",46.8
"ID_test_122",72.8
"ID_test_1220",33
"ID_test_1221",46.8
"ID_test_1222",50.5
"ID_test_1223",72.8
"ID_test_1224",46.8
"ID_test_1225",43.5
"ID_test_1226",50.5
"ID_test_1227",72.8
"ID_test_1228",72.8
"ID_test_1229",72.8
"ID_test_123",43.5
"ID_test_1230",50.5
"ID_test_1231",46.8
"ID_test_1232",33
"ID_test_1233",50.5
"ID_test_1234",72.8
"ID_test_1235",50.5
"ID_test_1236",46.8
"ID_test_1237",50.5
"ID_test_1238",50.5
"ID_test_1239",46.8
"ID_test_124",50.5
"ID_test_1240",50.5
"ID_test_1241",46.8
"ID_test_1242",72.8
"ID_test_1243",72.8
"ID_test_1244",46.8
"ID_test_1245",50.5
"ID_test_1246",46.8
"ID_test_1247",50.5
"ID_test_1248",46.8
"ID_test_1249",43.5
"ID_test_125",72.8
"ID_test_1250",46.8
"ID_test_1251",72.8
"ID_test_1252",46.8
"ID_test_1253",50.5
"ID_test_1254",72.8
"ID_test_1255",72.8
"ID_test_1256",50.5
"ID_test_1257",46.8
"ID_test_1258",50.5
"ID_test_1259",50.5
"ID_test_126",50.5
"ID_test_1260",50.5
"ID_test_1261",46.8
"ID_test_1262",43.5
"ID_test_1263",50.5
"ID_test_1264",72.8
"ID_test_1265",46.8
"ID_test_1266",33
"ID_test_1267",46.8
"ID_test_1268",72.8
"ID_test_1269",46.8
"ID_test_127",43.5
"ID_test_1270",46.8
"ID_test_1271",72.8
"ID_test_1272",72.8
"ID_test_1273",43.5
"ID_test_1274",50.5
"ID_test_1275",72.8
"ID_test_1276",46.8
"ID_test_1277",33
"ID_test_1278",50.5
"ID_test_1279",43.5
"ID_test_128",50.5
"ID_test_1280",50.5
"ID_test_1281",46.8
"ID_test_1282",50.5
"ID_test_1283",50.5
"ID_test_1284",46.8
"ID_test_1285",46.8
"ID_test_1286",46.8
"ID_test_1287",46.8
"ID_test_1288",72.8
"ID_test_1289",50.5
"ID_test_129",50.5
"ID_test_1290",50.5
"ID_test_1291",72.8
"ID_test_1292",43.5
"ID_test_1293",46.8
"ID_test_1294",50.5
"ID_test_1295",50.5
"ID_test_1296",46.8
"ID_test_1297",50.5
"ID_test_1298",72.8
"ID_test_1299",46.8
"ID_test_13",46.8
"ID_test_130",72.8
"ID_test_1300",43.5
"ID_test_1301",43.5
"ID_test_1302",46.8
"ID_test_1303",46.8
"ID_test_1304",50.5
"ID_test_1305",46.8
"ID_test_1306",33
"ID_test_1307",50.5
"ID_test_1308",50.5
"ID_test_1309",46.8
"ID_test_131",50.5
"ID_test_1310",43.5
"ID_test_1311",72.8
"ID_test_1312",33
"ID_test_1313",43.5
"ID_test_1314",50.5
"ID_test_1315",50.5
"ID_test_1316",46.8
"ID_test_1317",46.8
"ID_test_1318",72.8
"ID_test_1319",72.8
"ID_test_132",72.8
"ID_test_1320",46.8
"ID_test_1321",50.5
"ID_test_1322",72.8
"ID_test_1323",50.5
"ID_test_1324",46.8
"ID_test_1325",33
"ID_test_1326",50.5
"ID_test_1327",50.5
"ID_test_1328",50.5
"ID_test_1329",72.8
"ID_test_133",50.5
"ID_test_1330",72.8
"ID_test_1331",46.8
"ID_test_1332",50.5
"ID_test_1333",72.8
"ID_test_1334",46.8
"ID_test_1335",72.8
"ID_test_1336",50.5
"ID_test_1337",50.5
"ID_test_1338",50.5
"ID_test_1339",33
"ID_test_134",72.8
"ID_test_1340",46.8
"ID_test_1341",46.8
"ID_test_1342",43.5
"ID_test_1343",43.5
"ID_test_1344",33
"ID_test_1345",33
"ID_test_1346",72.8
"ID_test_1347",50.5
"ID_test_1348",43.5
"ID_test_1349",50.5
"ID_test_135",72.8
"ID_test_1350",50.5
"ID_test_1351",72.8
"ID_test_1352",72.8
"ID_test_1353",50.5
"ID_test_1354",50.5
"ID_test_1355",46.8
"ID_test_1356",50.5
"ID_test_1357",46.8
"ID_test_1358",72.8
"ID_test_1359",50.5
"ID_test_136",50.5
"ID_test_1360",46.8
"ID_test_1361",33
"ID_test_1362",46.8
"ID_test_1363",50.5
"ID_test_1364",43.5
"ID_test_1365",50.5
"ID_test_1366",43.5
"ID_test_1367",50.5
"ID_test_1368",72.8
"ID_test_1369",43.5
"ID_test_137",46.8
"ID_test_1370",50.5
"ID_test_1371",43.5
"ID_test_1372",43.5
"ID_test_1373",33
"ID_test_1374",33
"ID_test_1375",46.8
"ID_test_1376",50.5
"ID_test_1377",50.5
"ID_test_1378",50.5
"ID_test_1379",46.8
"ID_test_138",46.8
"ID_test_1380",33
"ID_test_1381",50.5
"ID_test_1382",46.8
"ID_test_1383",43.5
"ID_test_1384",46.8
"ID_test_1385",50.5
"ID_test_1386",72.8
"ID_test_1387",50.5
"ID_test_1388",50.5
"ID_test_1389",43.5
"ID_test_139",50.5
"ID_test_1390",72.8
"ID_test_1391",46.8
"ID_test_1392",46.8
"ID_test_1393",50.5
"ID_test_1394",72.8
"ID_test_1395",50.5
"ID_test_1396",46.8
"ID_test_1397",33
"ID_test_1398",43.5
"ID_test_1399",46.8
"ID_test_14",72.8
"ID_test_140",46.8
"ID_test_1400",72.8
"ID_test_1401",46.8
"ID_test_1402",50.5
"ID_test_1403",43.5
"ID_test_1404",46.8
"ID_test_1405",72.8
"ID_test_1406",72.8
"ID_test_1407",43.5
"ID_test_1408",43.5
"ID_test_1409",46.8
"ID_test_141",43.5
"ID_test_1410",46.8
"ID_test_1411",72.8
"ID_test_1412",46.8
"ID_test_1413",72.8
"ID_test_1414",46.8
"ID_test_1415",50.5
"ID_test_1416",50.5
"ID_test_1417",46.8
"ID_test_1418",50.5
"ID_test_1419",46.8
"ID_test_142",43.5
"ID_test_1420",50.5
"ID_test_1421",46.8
"ID_test_1422",50.5
"ID_test_1423",43.5
"ID_test_1424",50.5
"ID_test_1425",72.8
"ID_test_1426",46.8
"ID_test_1427",46.8
"ID_test_1428",43.5
"ID_test_1429",33
"ID_test_143",72.8
"ID_test_1430",33
"ID_test_1431",50.5
"ID_test_1432",50.5
"ID_test_1433",46.8
"ID_test_1434",72.8
"ID_test_1435",50.5
"ID_test_1436",46.8
"ID_test_1437",33
"ID_test_1438",33
"ID_test_1439",72.8
"ID_test_144",50.5
"ID_test_1440",46.8
"ID_test_1441",46.8
"ID_test_1442",46.8
"ID_test_1443",43.5
"ID_test_1444",33
"ID_test_1445",33
"ID_test_1446",46.8
"ID_test_1447",72.8
"ID_test_1448",46.8
"ID_test_1449",50.5
"ID_test_145",33
"ID_test_1450",33
"ID_test_1451",46.8
"ID_test_1452",72.8
"ID_test_1453",46.8
"ID_test_1454",72.8
"ID_test_1455",72.8
"ID_test_1456",72.8
"ID_test_1457",46.8
"ID_test_1458",46.8
"ID_test_1459",46.8
"ID_test_146",46.8
"ID_test_1460",33
"ID_test_1461",72.8
"ID_test_1462",72.8
"ID_test_1463",50.5
"ID_test_1464",46.8
"ID_test_1465",46.8
"ID_test_1466",46.8
"ID_test_1467",50.5
"ID_test_1468",50.5
"ID_test_1469",46.8
"ID_test_147",72.8
"ID_test_1470",72.8
"ID_test_1471",50.5
"ID_test_1472",50.5
"ID_test_1473",46.8
"ID_test_1474",46.8
"ID_test_1475",72.8
"ID_test_1476",50.5
"ID_test_1477",46.8
"ID_test_1478",50.5
"ID_test_1479",46.8
"ID_test_148",72.8
"ID_test_1480",50.5
"ID_test_1481",46.8
"ID_test_1482",50.5
"ID_test_1483",46.8
"ID_test_1484",43.5
"ID_test_1485",46.8
"ID_test_1486",46.8
"ID_test_1487",72.8
"ID_test_1488",50.5
"ID_test_1489",50.5
"ID_test_149",50.5
"ID_test_1490",72.8
"ID_test_1491",46.8
"ID_test_1492",50.5
"ID_test_1493",46.8
"ID_test_1494",72.8
"ID_test_1495",33
"ID_test_1496",72.8
"ID_test_1497",33
"ID_test_1498",50.5
"ID_test_1499",46.8
"ID_test_15",50.5
"ID_test_150",50.5
"ID_test_1500",46.8
"ID_test_1501",50.5
"ID_test_1502",46.8
"ID_test_1503",43.5
"ID_test_1504",46.8
"ID_test_1505",46.8
"ID_test_1506",33
"ID_test_1507",46.8
"ID_test_1508",46.8
"ID_test_1509",46.8
"ID_test_151",72.8
"ID_test_1510",46.8
"ID_test_1511",46.8
"ID_test_1512",50.5
"ID_test_1513",72.8
"ID_test_1514",50.5
"ID_test_1515",46.8
"ID_test_1516",43.5
"ID_test_1517",33
"ID_test_1518",50.5
"ID_test_1519",50.5
"ID_test_152",33
"ID_test_1520",50.5
"ID_test_1521",46.8
"ID_test_1522",33
"ID_test_1523",72.8
"ID_test_1524",50.5
"ID_test_1525",50.5
"ID_test_1526",33
"ID_test_1527",50.5
"ID_test_1528",46.8
"ID_test_1529",50.5
"ID_test_153",72.8
"ID_test_1530",46.8
"ID_test_1531",72.8
"ID_test_1532",46.8
"ID_test_1533",33
"ID_test_1534",33
"ID_test_1535",46.8
"ID_test_1536",46.8
"ID_test_1537",43.5
"ID_test_1538",50.5
"ID_test_1539",72.8
"ID_test_154",50.5
"ID_test_1540",50.5
"ID_test_1541",33
"ID_test_1542",50.5
"ID_test_1543",50.5
"ID_test_1544",43.5
"ID_test_1545",33
"ID_test_1546",50.5
"ID_test_1547",72.8
"ID_test_1548",46.8
"ID_test_1549",33
"ID_test_155",72.8
"ID_test_1550",72.8
"ID_test_1551",46.8
"ID_test_1552",43.5
"ID_test_1553",46.8
"ID_test_1554",43.5
"ID_test_1555",50.5
"ID_test_1556",46.8
"ID_test_1557",46.8
"ID_test_1558",43.5
"ID_test_1559",50.5
"ID_test_156",72.8
"ID_test_1560",46.8
"ID_test_1561",46.8
"ID_test_1562",33
"ID_test_1563",72.8
"ID_test_1564",46.8
"ID_test_1565",50.5
"ID_test_1566",50.5
"ID_test_1567",46.8
"ID_test_1568",72.8
"ID_test_1569",50.5
"ID_test_157",50.5
"ID_test_1570",46.8
"ID_test_1571",46.8
"ID_test_1572",43.5
"ID_test_1573",43.5
"ID_test_1574",46.8
"ID_test_1575",46.8
"ID_test_1576",72.8
"ID_test_1577",72.8
"ID_test_1578",50.5
"ID_test_1579",50.5
"ID_test_158",46.8
"ID_test_1580",72.8
"ID_test_1581",72.8
"ID_test_1582",43.5
"ID_test_1583",50.5
"ID_test_1584",43.5
"ID_test_1585",33
"ID_test_1586",50.5
"ID_test_1587",46.8
"ID_test_1588",46.8
"ID_test_1589",72.8
"ID_test_159",46.8
"ID_test_1590",46.8
"ID_test_1591",72.8
"ID_test_1592",50.5
"ID_test_1593",46.8
"ID_test_1594",43.5
"ID_test_1595",43.5
"ID_test_1596",46.8
"ID_test_1597",43.5
"ID_test_1598",46.8
"ID_test_1599",72.8
"ID_test_16",50.5
"ID_test_160",33
"ID_test_1600",72.8
"ID_test_1601",50.5
"ID_test_1602",50.5
"ID_test_1603",72.8
"ID_test_1604",46.8
"ID_test_1605",46.8
"ID_test_1606",50.5
"ID_test_1607",50.5
"ID_test_1608",33
"ID_test_1609",46.8
"ID_test_161",72.8
"ID_test_1610",72.8
"ID_test_1611",50.5
"ID_test_1612",46.8
"ID_test_1613",46.8
"ID_test_1614",43.5
"ID_test_1615",72.8
"ID_test_1616",72.8
"ID_test_1617",50.5
"ID_test_1618",72.8
"ID_test_1619",46.8
"ID_test_162",43.5
"ID_test_1620",72.8
"ID_test_1621",33
"ID_test_1622",43.5
"ID_test_1623",43.5
"ID_test_1624",50.5
"ID_test_1625",50.5
"ID_test_1626",50.5
"ID_test_1627",46.8
"ID_test_1628",33
"ID_test_1629",72.8
"ID_test_163",50.5
"ID_test_1630",43.5
"ID_test_1631",50.5
"ID_test_1632",50.5
"ID_test_1633",46.8
"ID_test_1634",43.5
"ID_test_1635",72.8
"ID_test_1636",43.5
"ID_test_1637",33
"ID_test_1638",72.8
"ID_test_1639",33
"ID_test_164",46.8
"ID_test_1640",72.8
"ID_test_1641",72.8
"ID_test_1642",72.8
"ID_test_1643",46.8
"ID_test_1644",46.8
"ID_test_1645",46.8
"ID_test_1646",50.5
"ID_test_1647",72.8
"ID_test_1648",33
"ID_test_1649",50.5
"ID_test_165",33
"ID_test_1650",33
"ID_test_1651",72.8
"ID_test_1652",46.8
"ID_test_1653",50.5
"ID_test_1654",50.5
"ID_test_1655",46.8
"ID_test_1656",72.8
"ID_test_1657",33
"ID_test_1658",72.8
"ID_test_1659",50.5
"ID_test_166",72.8
"ID_test_1660",46.8
"ID_test_1661",50.5
"ID_test_1662",72.8
"ID_test_1663",46.8
"ID_test_1664",46.8
"ID_test_1665",72.8
"ID_test_1666",43.5
"ID_test_1667",43.5
"ID_test_1668",46.8
"ID_test_1669",43.5
"ID_test_167",72.8
"ID_test_1670",43.5
"ID_test_1671",46.8
"ID_test_1672",50.5
"ID_test_1673",50.5
"ID_test_1674",46.8
"ID_test_1675",50.5
"ID_test_1676",43.5
"ID_test_1677",50.5
"ID_test_1678",43.5
"ID_test_1679",50.5
"ID_test_168",33
"ID_test_1680",50.5
"ID_test_1681",72.8
"ID_test_1682",50.5
"ID_test_1683",72.8
"ID_test_1684",72.8
"ID_test_1685",50.5
"ID_test_1686",50.5
"ID_test_1687",33
"ID_test_1688",43.5
"ID_test_1689",33
"ID_test_169",43.5
"ID_test_1690",46.8
"ID_test_1691",33
"ID_test_1692",43.5
"ID_test_1693",43.5
"ID_test_1694",46.8
"ID_test_1695",72.8
"ID_test_1696",50.5
"ID_test_1697",50.5
"ID_test_1698",43.5
"ID_test_1699",72.8
"ID_test_17",50.5
"ID_test_170",50.5
"ID_test_1700",33
"ID_test_1701",46.8
"ID_test_1702",46.8
"ID_test_1703",50.5
"ID_test_1704",43.5
"ID_test_1705",46.8
"ID_test_1706",72.8
"ID_test_1707",33
"ID_test_1708",50.5
"ID_test_1709",72.8
"ID_test_171",46.8
"ID_test_1710",50.5
"ID_test_1711",33
"ID_test_1712",72.8
"ID_test_1713",72.8
"ID_test_1714",72.8
"ID_test_1715",43.5
"ID_test_1716",50.5
"ID_test_1717",50.5
"ID_test_1718",50.5
"ID_test_1719",50.5
"ID_test_172",33
"ID_test_1720",50.5
"ID_test_1721",43.5
"ID_test_1722",46.8
"ID_test_1723",33
"ID_test_1724",33
"ID_test_1725",46.8
"ID_test_1726",46.8
"ID_test_1727",46.8
"ID_test_1728",50.5
"ID_test_1729",50.5
"ID_test_173",72.8
"ID_test_1730",50.5
"ID_test_1731",33
"ID_test_1732",72.8
"ID_test_1733",50.5
"ID_test_1734",46.8
"ID_test_1735",72.8
"ID_test_1736",33
"ID_test_1737",46.8
"ID_test_1738",50.5
"ID_test_1739",50.5
"ID_test_174",46.8
"ID_test_1740",50.5
"ID_test_1741",50.5
"ID_test_1742",50.5
"ID_test_1743",50.5
"ID_test_1744",46.8
"ID_test_1745",72.8
"ID_test_1746",50.5
"ID_test_1747",72.8
"ID_test_1748",46.8
"ID_test_1749",72.8
"ID_test_175",43.5
"ID_test_1750",50.5
"ID_test_1751",50.5
"ID_test_1752",46.8
"ID_test_1753",72.8
"ID_test_1754",46.8
"ID_test_1755",43.5
"ID_test_1756",46.8
"ID_test_1757",50.5
"ID_test_1758",46.8
"ID_test_1759",72.8
"ID_test_176",50.5
"ID_test_1760",50.5
"ID_test_1761",50.5
"ID_test_1762",46.8
"ID_test_1763",33
"ID_test_1764",46.8
"ID_test_1765",46.8
"ID_test_1766",46.8
"ID_test_1767",50.5
"ID_test_1768",72.8
"ID_test_1769",50.5
"ID_test_177",46.8
"ID_test_1770",46.8
"ID_test_1771",72.8
"ID_test_1772",46.8
"ID_test_1773",46.8
"ID_test_1774",46.8
"ID_test_1775",46.8
"ID_test_1776",46.8
"ID_test_1777",33
"ID_test_1778",50.5
"ID_test_1779",46.8
"ID_test_178",46.8
"ID_test_1780",46.8
"ID_test_1781",43.5
"ID_test_1782",43.5
"ID_test_1783",72.8
"ID_test_1784",72.8
"ID_test_1785",46.8
"ID_test_1786",46.8
"ID_test_1787",72.8
"ID_test_1788",43.5
"ID_test_1789",50.5
"ID_test_179",50.5
"ID_test_1790",43.5
"ID_test_1791",50.5
"ID_test_1792",33
"ID_test_1793",43.5
"ID_test_1794",43.5
"ID_test_1795",72.8
"ID_test_1796",46.8
"ID_test_1797",46.8
"ID_test_1798",50.5
"ID_test_1799",46.8
"ID_test_18",72.8
"ID_test_180",50.5
"ID_test_1800",50.5
"ID_test_1801",72.8
"ID_test_1802",46.8
"ID_test_1803",43.5
"ID_test_1804",46.8
"ID_test_1805",50.5
"ID_test_1806",43.5
"ID_test_1807",43.5
"ID_test_1808",33
"ID_test_1809",72.8
"ID_test_181",43.5
"ID_test_1810",72.8
"ID_test_1811",46.8
"ID_test_1812",72.8
"ID_test_1813",50.5
"ID_test_1814",72.8
"ID_test_1815",43.5
"ID_test_1816",43.5
"ID_test_1817",72.8
"ID_test_1818",46.8
"ID_test_1819",33
"ID_test_182",46.8
"ID_test_1820",50.5
"ID_test_1821",46.8
"ID_test_1822",50.5
"ID_test_1823",33
"ID_test_1824",43.5
"ID_test_1825",33
"ID_test_1826",72.8
"ID_test_1827",72.8
"ID_test_1828",50.5
"ID_test_1829",72.8
"ID_test_183",46.8
"ID_test_1830",43.5
"ID_test_1831",72.8
"ID_test_1832",33
"ID_test_1833",50.5
"ID_test_1834",72.8
"ID_test_1835",72.8
"ID_test_1836",46.8
"ID_test_1837",72.8
"ID_test_1838",50.5
"ID_test_1839",46.8
"ID_test_184",50.5
"ID_test_1840",33
"ID_test_1841",46.8
"ID_test_1842",72.8
"ID_test_1843",50.5
"ID_test_1844",46.8
"ID_test_1845",72.8
"ID_test_1846",50.5
"ID_test_1847",46.8
"ID_test_1848",46.8
"ID_test_1849",33
"ID_test_185",72.8
"ID_test_1850",72.8
"ID_test_1851",33
"ID_test_1852",50.5
"ID_test_1853",50.5
"ID_test_1854",72.8
"ID_test_1855",43.5
"ID_test_1856",46.8
"ID_test_1857",50.5
"ID_test_1858",46.8
"ID_test_1859",33
"ID_test_186",46.8
"ID_test_1860",33
"ID_test_1861",43.5
"ID_test_1862",50.5
"ID_test_1863",50.5
"ID_test_1864",72.8
"ID_test_1865",43.5
"ID_test_1866",46.8
"ID_test_1867",33
"ID_test_1868",50.5
"ID_test_1869",46.8
"ID_test_187",72.8
"ID_test_1870",72.8
"ID_test_1871",33
"ID_test_1872",46.8
"ID_test_1873",33
"ID_test_1874",72.8
"ID_test_1875",46.8
"ID_test_1876",72.8
"ID_test_1877",50.5
"ID_test_1878",33
"ID_test_1879",46.8
"ID_test_188",46.8
"ID_test_1880",50.5
"ID_test_1881",43.5
"ID_test_1882",46.8
"ID_test_1883",50.5
"ID_test_1884",50.5
"ID_test_1885",72.8
"ID_test_1886",72.8
"ID_test_1887",50.5
"ID_test_1888",46.8
"ID_test_1889",72.8
"ID_test_189",50.5
"ID_test_1890",46.8
"ID_test_1891",46.8
"ID_test_1892",50.5
"ID_test_1893",43.5
"ID_test_1894",72.8
"ID_test_1895",46.8
"ID_test_1896",46.8
"ID_test_1897",72.8
"ID_test_1898",50.5
"ID_test_1899",50.5
"ID_test_19",72.8
"ID_test_190",72.8
"ID_test_1900",46.8
"ID_test_1901",43.5
"ID_test_1902",46.8
"ID_test_1903",33
"ID_test_1904",46.8
"ID_test_1905",33
"ID_test_1906",43.5
"ID_test_1907",50.5
"ID_test_1908",50.5
"ID_test_1909",46.8
"ID_test_191",46.8
"ID_test_1910",46.8
"ID_test_1911",50.5
"ID_test_1912",72.8
"ID_test_1913",50.5
"ID_test_1914",43.5
"ID_test_1915",72.8
"ID_test_1916",72.8
"ID_test_1917",72.8
"ID_test_1918",50.5
"ID_test_1919",33
"ID_test_192",50.5
"ID_test_1920",50.5
"ID_test_1921",50.5
"ID_test_1922",50.5
"ID_test_1923",50.5
"ID_test_1924",50.5
"ID_test_1925",46.8
"ID_test_1926",50.5
"ID_test_1927",43.5
"ID_test_1928",33
"ID_test_1929",43.5
"ID_test_193",43.5
"ID_test_1930",50.5
"ID_test_1931",46.8
"ID_test_1932",72.8
"ID_test_1933",72.8
"ID_test_1934",50.5
"ID_test_1935",50.5
"ID_test_1936",46.8
"ID_test_1937",72.8
"ID_test_1938",72.8
"ID_test_1939",50.5
"ID_test_194",43.5
"ID_test_1940",50.5
"ID_test_1941",72.8
"ID_test_1942",50.5
"ID_test_1943",46.8
"ID_test_1944",50.5
"ID_test_1945",46.8
"ID_test_1946",33
"ID_test_1947",50.5
"ID_test_1948",50.5
"ID_test_1949",50.5
"ID_test_195",72.8
"ID_test_1950",46.8
"ID_test_1951",46.8
"ID_test_1952",43.5
"ID_test_1953",43.5
"ID_test_1954",33
"ID_test_1955",43.5
"ID_test_1956",46.8
"ID_test_1957",72.8
"ID_test_1958",50.5
"ID_test_1959",50.5
"ID_test_196",50.5
"ID_test_1960",46.8
"ID_test_1961",72.8
"ID_test_1962",46.8
"ID_test_1963",50.5
"ID_test_1964",50.5
"ID_test_1965",33
"ID_test_1966",72.8
"ID_test_1967",46.8
"ID_test_1968",50.5
"ID_test_1969",46.8
"ID_test_197",33
"ID_test_1970",33
"ID_test_1971",50.5
"ID_test_1972",50.5
"ID_test_1973",72.8
"ID_test_1974",43.5
"ID_test_1975",46.8
"ID_test_1976",46.8
"ID_test_1977",33
"ID_test_1978",46.8
"ID_test_1979",46.8
"ID_test_198",50.5
"ID_test_1980",46.8
"ID_test_1981",72.8
"ID_test_1982",33
"ID_test_1983",50.5
"ID_test_1984",72.8
"ID_test_1985",43.5
"ID_test_1986",33
"ID_test_1987",46.8
"ID_test_1988",46.8
"ID_test_1989",43.5
"ID_test_199",43.5
"ID_test_1990",43.5
"ID_test_1991",72.8
"ID_test_1992",72.8
"ID_test_1993",50.5
"ID_test_1994",46.8
"ID_test_1995",33
"ID_test_1996",50.5
"ID_test_1997",72.8
"ID_test_1998",50.5
"ID_test_1999",46.8
"ID_test_2",33
"ID_test_20",46.8
"ID_test_200",72.8
"ID_test_2000",50.5
"ID_test_2001",50.5
"ID_test_2002",50.5
"ID_test_2003",43.5
"ID_test_2004",43.5
"ID_test_2005",72.8
"ID_test_2006",50.5
"ID_test_2007",72.8
"ID_test_2008",43.5
"ID_test_2009",46.8
"ID_test_201",43.5
"ID_test_2010",43.5
"ID_test_2011",72.8
"ID_test_2012",50.5
"ID_test_2013",46.8
"ID_test_2014",72.8
"ID_test_2015",72.8
"ID_test_2016",72.8
"ID_test_2017",33
"ID_test_2018",46.8
"ID_test_2019",46.8
"ID_test_202",72.8
"ID_test_2020",46.8
"ID_test_2021",72.8
"ID_test_2022",72.8
"ID_test_2023",50.5
"ID_test_2024",33
"ID_test_2025",72.8
"ID_test_2026",50.5
"ID_test_2027",33
"ID_test_2028",50.5
"ID_test_2029",50.5
"ID_test_203",72.8
"ID_test_2030",43.5
"ID_test_2031",50.5
"ID_test_2032",72.8
"ID_test_2033",50.5
"ID_test_2034",43.5
"ID_test_2035",72.8
"ID_test_2036",50.5
"ID_test_2037",46.8
"ID_test_2038",50.5
"ID_test_2039",50.5
"ID_test_204",50.5
"ID_test_2040",46.8
"ID_test_2041",46.8
"ID_test_2042",46.8
"ID_test_2043",46.8
"ID_test_2044",46.8
"ID_test_2045",33
"ID_test_2046",50.5
"ID_test_2047",50.5
"ID_test_2048",46.8
"ID_test_2049",43.5
"ID_test_205",72.8
"ID_test_2050",46.8
"ID_test_2051",33
"ID_test_2052",46.8
"ID_test_2053",46.8
"ID_test_2054",50.5
"ID_test_2055",72.8
"ID_test_2056",33
"ID_test_2057",46.8
"ID_test_2058",33
"ID_test_2059",72.8
"ID_test_206",50.5
"ID_test_2060",50.5
"ID_test_2061",43.5
"ID_test_2062",50.5
"ID_test_2063",43.5
"ID_test_2064",46.8
"ID_test_2065",43.5
"ID_test_2066",46.8
"ID_test_2067",72.8
"ID_test_2068",46.8
"ID_test_2069",33
"ID_test_207",43.5
"ID_test_2070",50.5
"ID_test_2071",72.8
"ID_test_2072",33
"ID_test_2073",50.5
"ID_test_2074",33
"ID_test_2075",46.8
"ID_test_2076",72.8
"ID_test_2077",33
"ID_test_2078",50.5
"ID_test_2079",50.5
"ID_test_208",72.8
"ID_test_2080",33
"ID_test_2081",43.5
"ID_test_2082",46.8
"ID_test_2083",46.8
"ID_test_2084",50.5
"ID_test_2085",50.5
"ID_test_2086",72.8
"ID_test_2087",50.5
"ID_test_2088",46.8
"ID_test_2089",72.8
"ID_test_209",46.8
"ID_test_2090",72.8
"ID_test_2091",43.5
"ID_test_2092",46.8
"ID_test_2093",46.8
"ID_test_2094",46.8
"ID_test_2095",46.8
"ID_test_2096",50.5
"ID_test_2097",50.5
"ID_test_2098",43.5
"ID_test_2099",72.8
"ID_test_21",72.8
"ID_test_210",46.8
"ID_test_2100",72.8
"ID_test_2101",50.5
"ID_test_2102",50.5
"ID_test_2103",50.5
"ID_test_2104",50.5
"ID_test_2105",50.5
"ID_test_2106",46.8
"ID_test_2107",50.5
"ID_test_2108",43.5
"ID_test_2109",46.8
"ID_test_211",43.5
"ID_test_2110",50.5
"ID_test_2111",46.8
"ID_test_2112",43.5
"ID_test_2113",50.5
"ID_test_2114",50.5
"ID_test_2115",50.5
"ID_test_2116",43.5
"ID_test_2117",72.8
"ID_test_2118",46.8
"ID_test_2119",46.8
"ID_test_212",72.8
"ID_test_2120",33
"ID_test_2121",33
"ID_test_2122",72.8
"ID_test_2123",43.5
"ID_test_2124",46.8
"ID_test_2125",50.5
"ID_test_2126",72.8
"ID_test_2127",50.5
"ID_test_2128",33
"ID_test_2129",33
"ID_test_213",46.8
"ID_test_2130",46.8
"ID_test_2131",46.8
"ID_test_2132",50.5
"ID_test_2133",46.8
"ID_test_2134",50.5
"ID_test_2135",72.8
"ID_test_2136",43.5
"ID_test_2137",46.8
"ID_test_2138",50.5
"ID_test_2139",72.8
"ID_test_214",72.8
"ID_test_2140",46.8
"ID_test_2141",46.8
"ID_test_2142",50.5
"ID_test_2143",72.8
"ID_test_2144",50.5
"ID_test_2145",46.8
"ID_test_2146",50.5
"ID_test_2147",50.5
"ID_test_2148",43.5
"ID_test_2149",46.8
"ID_test_215",46.8
"ID_test_2150",46.8
"ID_test_2151",50.5
"ID_test_2152",46.8
"ID_test_2153",50.5
"ID_test_2154",50.5
"ID_test_2155",33
"ID_test_2156",33
"ID_test_2157",46.8
"ID_test_2158",33
"ID_test_2159",43.5
"ID_test_216",46.8
"ID_test_2160",72.8
"ID_test_2161",46.8
"ID_test_2162",50.5
"ID_test_2163",50.5
"ID_test_2164",50.5
"ID_test_2165",43.5
"ID_test_2166",72.8
"ID_test_2167",46.8
"ID_test_2168",43.5
"ID_test_2169",46.8
"ID_test_217",46.8
"ID_test_2170",46.8
"ID_test_2171",50.5
"ID_test_2172",50.5
"ID_test_2173",72.8
"ID_test_2174",50.5
"ID_test_2175",72.8
"ID_test_2176",46.8
"ID_test_2177",43.5
"ID_test_2178",72.8
"ID_test_2179",50.5
"ID_test_218",46.8
"ID_test_2180",46.8
"ID_test_2181",72.8
"ID_test_2182",50.5
"ID_test_2183",50.5
"ID_test_2184",33
"ID_test_2185",33
"ID_test_2186",50.5
"ID_test_2187",46.8
"ID_test_2188",50.5
"ID_test_2189",33
"ID_test_219",50.5
"ID_test_2190",33
"ID_test_2191",72.8
"ID_test_2192",46.8
"ID_test_2193",50.5
"ID_test_2194",50.5
"ID_test_2195",43.5
"ID_test_2196",33
"ID_test_2197",50.5
"ID_test_2198",72.8
"ID_test_2199",46.8
"ID_test_22",46.8
"ID_test_220",50.5
"ID_test_2200",50.5
"ID_test_2201",72.8
"ID_test_2202",72.8
"ID_test_2203",46.8
"ID_test_2204",33
"ID_test_2205",46.8
"ID_test_2206",50.5
"ID_test_2207",50.5
"ID_test_2208",43.5
"ID_test_2209",50.5
"ID_test_221",72.8
"ID_test_2210",50.5
"ID_test_2211",46.8
"ID_test_2212",46.8
"ID_test_2213",72.8
"ID_test_2214",46.8
"ID_test_2215",46.8
"ID_test_2216",50.5
"ID_test_2217",72.8
"ID_test_2218",50.5
"ID_test_2219",33
"ID_test_222",46.8
"ID_test_2220",33
"ID_test_2221",33
"ID_test_2222",72.8
"ID_test_2223",33
"ID_test_2224",33
"ID_test_2225",46.8
"ID_test_2226",46.8
"ID_test_2227",43.5
"ID_test_2228",43.5
"ID_test_2229",46.8
"ID_test_223",46.8
"ID_test_2230",43.5
"ID_test_2231",50.5
"ID_test_2232",43.5
"ID_test_2233",43.5
"ID_test_2234",43.5
"ID_test_2235",33
"ID_test_2236",50.5
"ID_test_2237",72.8
"ID_test_2238",72.8
"ID_test_2239",72.8
"ID_test_224",43.5
"ID_test_2240",72.8
"ID_test_2241",33
"ID_test_2242",46.8
"ID_test_2243",46.8
"ID_test_2244",50.5
"ID_test_2245",50.5
"ID_test_2246",43.5
"ID_test_2247",50.5
"ID_test_2248",50.5
"ID_test_2249",72.8
"ID_test_225",50.5
"ID_test_2250",50.5
"ID_test_2251",50.5
"ID_test_2252",72.8
"ID_test_2253",72.8
"ID_test_2254",33
"ID_test_2255",50.5
"ID_test_2256",46.8
"ID_test_2257",72.8
"ID_test_2258",50.5
"ID_test_2259",50.5
"ID_test_226",72.8
"ID_test_2260",50.5
"ID_test_2261",50.5
"ID_test_2262",43.5
"ID_test_2263",72.8
"ID_test_2264",33
"ID_test_2265",43.5
"ID_test_2266",43.5
"ID_test_2267",43.5
"ID_test_2268",72.8
"ID_test_2269",50.5
"ID_test_227",43.5
"ID_test_2270",46.8
"ID_test_2271",46.8
"ID_test_2272",72.8
"ID_test_2273",72.8
"ID_test_2274",72.8
"ID_test_2275",46.8
"ID_test_2276",43.5
"ID_test_2277",72.8
"ID_test_2278",46.8
"ID_test_2279",46.8
"ID_test_228",46.8
"ID_test_2280",72.8
"ID_test_2281",72.8
"ID_test_2282",46.8
"ID_test_2283",50.5
"ID_test_2284",43.5
"ID_test_2285",43.5
"ID_test_2286",50.5
"ID_test_2287",72.8
"ID_test_2288",46.8
"ID_test_2289",46.8
"ID_test_229",72.8
"ID_test_2290",72.8
"ID_test_2291",72.8
"ID_test_2292",46.8
"ID_test_2293",46.8
"ID_test_2294",50.5
"ID_test_2295",46.8
"ID_test_2296",72.8
"ID_test_2297",33
"ID_test_2298",72.8
"ID_test_2299",43.5
"ID_test_23",46.8
"ID_test_230",50.5
"ID_test_2300",72.8
"ID_test_2301",46.8
"ID_test_2302",33
"ID_test_2303",33
"ID_test_2304",46.8
"ID_test_2305",50.5
"ID_test_2306",72.8
"ID_test_2307",46.8
"ID_test_2308",43.5
"ID_test_2309",50.5
"ID_test_231",33
"ID_test_2310",72.8
"ID_test_2311",46.8
"ID_test_2312",33
"ID_test_2313",50.5
"ID_test_2314",46.8
"ID_test_2315",72.8
"ID_test_2316",50.5
"ID_test_2317",46.8
"ID_test_2318",43.5
"ID_test_2319",50.5
"ID_test_232",50.5
"ID_test_2320",43.5
"ID_test_2321",50.5
"ID_test_2322",33
"ID_test_2323",50.5
"ID_test_2324",72.8
"ID_test_2325",72.8
"ID_test_2326",50.5
"ID_test_2327",72.8
"ID_test_2328",46.8
"ID_test_2329",72.8
"ID_test_233",43.5
"ID_test_2330",46.8
"ID_test_2331",46.8
"ID_test_2332",33
"ID_test_2333",43.5
"ID_test_2334",43.5
"ID_test_2335",50.5
"ID_test_2336",72.8
"ID_test_2337",72.8
"ID_test_2338",72.8
"ID_test_2339",50.5
"ID_test_234",50.5
"ID_test_2340",72.8
"ID_test_2341",43.5
"ID_test_2342",46.8
"ID_test_2343",46.8
"ID_test_2344",50.5
"ID_test_2345",46.8
"ID_test_2346",72.8
"ID_test_2347",50.5
"ID_test_2348",43.5
"ID_test_2349",50.5
"ID_test_235",46.8
"ID_test_2350",50.5
"ID_test_2351",33
"ID_test_2352",46.8
"ID_test_2353",46.8
"ID_test_2354",46.8
"ID_test_2355",50.5
"ID_test_2356",50.5
"ID_test_2357",50.5
"ID_test_2358",72.8
"ID_test_2359",50.5
"ID_test_236",50.5
"ID_test_2360",72.8
"ID_test_2361",50.5
"ID_test_2362",72.8
"ID_test_2363",50.5
"ID_test_2364",50.5
"ID_test_2365",33
"ID_test_2366",72.8
"ID_test_2367",46.8
"ID_test_2368",46.8
"ID_test_2369",46.8
"ID_test_237",46.8
"ID_test_2370",46.8
"ID_test_2371",43.5
"ID_test_2372",33
"ID_test_2373",33
"ID_test_2374",43.5
"ID_test_2375",43.5
"ID_test_2376",33
"ID_test_2377",72.8
"ID_test_2378",46.8
"ID_test_2379",50.5
"ID_test_238",50.5
"ID_test_2380",50.5
"ID_test_2381",46.8
"ID_test_2382",72.8
"ID_test_2383",46.8
"ID_test_2384",43.5
"ID_test_2385",50.5
"ID_test_2386",43.5
"ID_test_2387",50.5
"ID_test_2388",43.5
"ID_test_2389",50.5
"ID_test_239",33
"ID_test_2390",72.8
"ID_test_2391",72.8
"ID_test_2392",46.8
"ID_test_2393",43.5
"ID_test_2394",46.8
"ID_test_2395",46.8
"ID_test_2396",50.5
"ID_test_2397",46.8
"ID_test_2398",50.5
"ID_test_2399",50.5
"ID_test_24",50.5
"ID_test_240",43.5
"ID_test_2400",50.5
"ID_test_2401",72.8
"ID_test_2402",46.8
"ID_test_2403",46.8
"ID_test_2404",33
"ID_test_2405",46.8
"ID_test_2406",72.8
"ID_test_2407",46.8
"ID_test_2408",43.5
"ID_test_2409",50.5
"ID_test_241",46.8
"ID_test_2410",50.5
"ID_test_2411",50.5
"ID_test_2412",46.8
"ID_test_2413",50.5
"ID_test_2414",46.8
"ID_test_2415",46.8
"ID_test_2416",46.8
"ID_test_2417",50.5
"ID_test_2418",43.5
"ID_test_2419",46.8
"ID_test_242",46.8
"ID_test_2420",43.5
"ID_test_2421",72.8
"ID_test_2422",33
"ID_test_2423",43.5
"ID_test_2424",50.5
"ID_test_2425",72.8
"ID_test_2426",50.5
"ID_test_2427",50.5
"ID_test_2428",43.5
"ID_test_2429",33
"ID_test_243",50.5
"ID_test_2430",33
"ID_test_2431",46.8
"ID_test_2432",72.8
"ID_test_2433",46.8
"ID_test_2434",33
"ID_test_2435",50.5
"ID_test_2436",43.5
"ID_test_2437",50.5
"ID_test_2438",72.8
"ID_test_2439",46.8
"ID_test_244",46.8
"ID_test_2440",43.5
"ID_test_2441",46.8
"ID_test_2442",46.8
"ID_test_2443",50.5
"ID_test_2444",46.8
"ID_test_2445",50.5
"ID_test_2446",43.5
"ID_test_2447",50.5
"ID_test_2448",72.8
"ID_test_2449",72.8
"ID_test_245",72.8
"ID_test_2450",46.8
"ID_test_2451",50.5
"ID_test_2452",72.8
"ID_test_2453",46.8
"ID_test_2454",46.8
"ID_test_2455",50.5
"ID_test_2456",72.8
"ID_test_2457",46.8
"ID_test_2458",46.8
"ID_test_2459",43.5
"ID_test_246",46.8
"ID_test_2460",50.5
"ID_test_2461",43.5
"ID_test_2462",72.8
"ID_test_2463",50.5
"ID_test_2464",43.5
"ID_test_2465",46.8
"ID_test_2466",46.8
"ID_test_2467",72.8
"ID_test_2468",72.8
"ID_test_2469",72.8
"ID_test_247",50.5
"ID_test_2470",72.8
"ID_test_2471",46.8
"ID_test_2472",50.5
"ID_test_2473",33
"ID_test_2474",46.8
"ID_test_2475",46.8
"ID_test_2476",43.5
"ID_test_2477",46.8
"ID_test_2478",50.5
"ID_test_2479",43.5
"ID_test_248",46.8
"ID_test_2480",72.8
"ID_test_2481",72.8
"ID_test_2482",33
"ID_test_2483",72.8
"ID_test_2484",50.5
"ID_test_2485",72.8
"ID_test_2486",72.8
"ID_test_2487",50.5
"ID_test_2488",50.5
"ID_test_2489",43.5
"ID_test_249",50.5
"ID_test_2490",43.5
"ID_test_2491",43.5
"ID_test_2492",33
"ID_test_2493",50.5
"ID_test_2494",46.8
"ID_test_2495",50.5
"ID_test_2496",50.5
"ID_test_2497",72.8
"ID_test_2498",46.8
"ID_test_2499",50.5
"ID_test_25",33
"ID_test_250",46.8
"ID_test_2500",72.8
"ID_test_2501",50.5
"ID_test_2502",50.5
"ID_test_2503",46.8
"ID_test_2504",72.8
"ID_test_2505",46.8
"ID_test_2506",46.8
"ID_test_2507",46.8
"ID_test_2508",46.8
"ID_test_2509",46.8
"ID_test_251",46.8
"ID_test_2510",33
"ID_test_2511",43.5
"ID_test_2512",50.5
"ID_test_2513",50.5
"ID_test_2514",43.5
"ID_test_2515",46.8
"ID_test_2516",33
"ID_test_2517",72.8
"ID_test_2518",50.5
"ID_test_2519",46.8
"ID_test_252",72.8
"ID_test_2520",43.5
"ID_test_2521",46.8
"ID_test_2522",46.8
"ID_test_2523",50.5
"ID_test_2524",72.8
"ID_test_2525",46.8
"ID_test_2526",46.8
"ID_test_2527",72.8
"ID_test_2528",72.8
"ID_test_2529",46.8
"ID_test_253",46.8
"ID_test_2530",43.5
"ID_test_2531",50.5
"ID_test_2532",46.8
"ID_test_2533",50.5
"ID_test_2534",46.8
"ID_test_2535",43.5
"ID_test_2536",72.8
"ID_test_2537",33
"ID_test_2538",50.5
"ID_test_2539",72.8
"ID_test_254",33
"ID_test_2540",43.5
"ID_test_2541",72.8
"ID_test_2542",43.5
"ID_test_2543",46.8
"ID_test_2544",50.5
"ID_test_2545",46.8
"ID_test_2546",46.8
"ID_test_2547",46.8
"ID_test_2548",72.8
"ID_test_2549",72.8
"ID_test_255",46.8
"ID_test_2550",46.8
"ID_test_2551",50.5
"ID_test_2552",50.5
"ID_test_2553",43.5
"ID_test_2554",46.8
"ID_test_2555",33
"ID_test_2556",50.5
"ID_test_2557",46.8
"ID_test_2558",33
"ID_test_2559",43.5
"ID_test_256",43.5
"ID_test_2560",33
"ID_test_2561",33
"ID_test_2562",72.8
"ID_test_2563",46.8
"ID_test_2564",33
"ID_test_2565",72.8
"ID_test_2566",43.5
"ID_test_2567",43.5
"ID_test_2568",33
"ID_test_2569",33
"ID_test_257",33
"ID_test_2570",43.5
"ID_test_2571",50.5
"ID_test_2572",33
"ID_test_2573",50.5
"ID_test_2574",33
"ID_test_2575",50.5
"ID_test_2576",46.8
"ID_test_2577",43.5
"ID_test_2578",72.8
"ID_test_2579",50.5
"ID_test_258",46.8
"ID_test_2580",50.5
"ID_test_2581",43.5
"ID_test_2582",46.8
"ID_test_2583",50.5
"ID_test_2584",46.8
"ID_test_2585",50.5
"ID_test_2586",72.8
"ID_test_2587",33
"ID_test_2588",46.8
"ID_test_2589",46.8
"ID_test_259",50.5
"ID_test_2590",43.5
"ID_test_2591",33
"ID_test_2592",46.8
"ID_test_2593",72.8
"ID_test_2594",50.5
"ID_test_2595",43.5
"ID_test_2596",72.8
"ID_test_2597",46.8
"ID_test_2598",50.5
"ID_test_2599",50.5
"ID_test_26",72.8
"ID_test_260",33
"ID_test_2600",43.5
"ID_test_2601",46.8
"ID_test_2602",50.5
"ID_test_2603",46.8
"ID_test_2604",46.8
"ID_test_2605",72.8
"ID_test_2606",46.8
"ID_test_2607",43.5
"ID_test_2608",46.8
"ID_test_2609",50.5
"ID_test_261",50.5
"ID_test_2610",33
"ID_test_2611",72.8
"ID_test_2612",43.5
"ID_test_2613",50.5
"ID_test_2614",72.8
"ID_test_2615",50.5
"ID_test_2616",50.5
"ID_test_2617",46.8
"ID_test_2618",46.8
"ID_test_2619",50.5
"ID_test_262",72.8
"ID_test_2620",72.8
"ID_test_2621",46.8
"ID_test_2622",33
"ID_test_2623",46.8
"ID_test_2624",46.8
"ID_test_2625",72.8
"ID_test_2626",50.5
"ID_test_2627",33
"ID_test_2628",33
"ID_test_2629",46.8
"ID_test_263",72.8
"ID_test_2630",33
"ID_test_2631",50.5
"ID_test_2632",46.8
"ID_test_2633",43.5
"ID_test_2634",33
"ID_test_2635",72.8
"ID_test_2636",46.8
"ID_test_2637",50.5
"ID_test_2638",72.8
"ID_test_2639",46.8
"ID_test_264",72.8
"ID_test_2640",50.5
"ID_test_2641",33
"ID_test_2642",43.5
"ID_test_2643",46.8
"ID_test_2644",46.8
"ID_test_2645",43.5
"ID_test_2646",50.5
"ID_test_2647",33
"ID_test_2648",50.5
"ID_test_2649",46.8
"ID_test_265",46.8
"ID_test_2650",50.5
"ID_test_2651",50.5
"ID_test_2652",72.8
"ID_test_2653",46.8
"ID_test_2654",46.8
"ID_test_2655",33
"ID_test_2656",72.8
"ID_test_2657",46.8
"ID_test_2658",43.5
"ID_test_2659",46.8
"ID_test_266",33
"ID_test_2660",72.8
"ID_test_2661",33
"ID_test_2662",33
"ID_test_2663",33
"ID_test_2664",46.8
"ID_test_2665",50.5
"ID_test_2666",46.8
"ID_test_2667",43.5
"ID_test_2668",72.8
"ID_test_2669",43.5
"ID_test_267",72.8
"ID_test_2670",72.8
"ID_test_2671",46.8
"ID_test_2672",46.8
"ID_test_2673",72.8
"ID_test_2674",50.5
"ID_test_2675",43.5
"ID_test_2676",46.8
"ID_test_2677",46.8
"ID_test_2678",72.8
"ID_test_2679",50.5
"ID_test_268",72.8
"ID_test_2680",72.8
"ID_test_2681",72.8
"ID_test_2682",43.5
"ID_test_2683",72.8
"ID_test_2684",43.5
"ID_test_2685",46.8
"ID_test_2686",50.5
"ID_test_2687",72.8
"ID_test_2688",43.5
"ID_test_2689",72.8
"ID_test_269",33
"ID_test_2690",72.8
"ID_test_2691",72.8
"ID_test_2692",43.5
"ID_test_2693",46.8
"ID_test_2694",50.5
"ID_test_2695",50.5
"ID_test_2696",72.8
"ID_test_2697",43.5
"ID_test_2698",46.8
"ID_test_2699",46.8
"ID_test_27",72.8
"ID_test_270",46.8
"ID_test_2700",72.8
"ID_test_2701",46.8
"ID_test_2702",46.8
"ID_test_2703",50.5
"ID_test_2704",72.8
"ID_test_2705",46.8
"ID_test_2706",46.8
"ID_test_2707",72.8
"ID_test_2708",50.5
"ID_test_2709",72.8
"ID_test_271",46.8
"ID_test_2710",33
"ID_test_2711",50.5
"ID_test_2712",50.5
"ID_test_2713",72.8
"ID_test_2714",50.5
"ID_test_2715",46.8
"ID_test_2716",50.5
"ID_test_2717",46.8
"ID_test_2718",33
"ID_test_2719",33
"ID_test_272",46.8
"ID_test_2720",72.8
"ID_test_2721",46.8
"ID_test_2722",50.5
"ID_test_2723",50.5
"ID_test_2724",72.8
"ID_test_2725",72.8
"ID_test_2726",46.8
"ID_test_2727",46.8
"ID_test_2728",33
"ID_test_2729",72.8
"ID_test_273",72.8
"ID_test_2730",50.5
"ID_test_2731",33
"ID_test_2732",33
"ID_test_2733",46.8
"ID_test_2734",46.8
"ID_test_2735",72.8
"ID_test_2736",46.8
"ID_test_2737",50.5
"ID_test_2738",46.8
"ID_test_2739",72.8
"ID_test_274",43.5
"ID_test_2740",72.8
"ID_test_2741",46.8
"ID_test_2742",50.5
"ID_test_2743",50.5
"ID_test_2744",46.8
"ID_test_2745",43.5
"ID_test_2746",43.5
"ID_test_2747",33
"ID_test_2748",50.5
"ID_test_2749",72.8
"ID_test_275",50.5
"ID_test_2750",72.8
"ID_test_2751",72.8
"ID_test_2752",33
"ID_test_2753",46.8
"ID_test_2754",72.8
"ID_test_2755",46.8
"ID_test_2756",46.8
"ID_test_2757",46.8
"ID_test_2758",50.5
"ID_test_2759",46.8
"ID_test_276",46.8
"ID_test_2760",72.8
"ID_test_2761",46.8
"ID_test_2762",46.8
"ID_test_2763",43.5
"ID_test_2764",72.8
"ID_test_2765",72.8
"ID_test_2766",50.5
"ID_test_2767",72.8
"ID_test_2768",33
"ID_test_2769",46.8
"ID_test_277",50.5
"ID_test_2770",50.5
"ID_test_2771",50.5
"ID_test_2772",43.5
"ID_test_2773",46.8
"ID_test_2774",50.5
"ID_test_2775",43.5
"ID_test_2776",72.8
"ID_test_2777",46.8
"ID_test_2778",50.5
"ID_test_2779",43.5
"ID_test_278",50.5
"ID_test_2780",43.5
"ID_test_2781",46.8
"ID_test_2782",72.8
"ID_test_2783",46.8
"ID_test_2784",46.8
"ID_test_2785",46.8
"ID_test_2786",43.5
"ID_test_2787",33
"ID_test_2788",50.5
"ID_test_2789",72.8
"ID_test_279",72.8
"ID_test_2790",46.8
"ID_test_2791",46.8
"ID_test_2792",50.5
"ID_test_2793",43.5
"ID_test_2794",43.5
"ID_test_2795",43.5
"ID_test_2796",43.5
"ID_test_2797",72.8
"ID_test_2798",43.5
"ID_test_2799",50.5
"ID_test_28",46.8
"ID_test_280",46.8
"ID_test_2800",46.8
"ID_test_2801",72.8
"ID_test_2802",46.8
"ID_test_2803",46.8
"ID_test_2804",72.8
"ID_test_2805",50.5
"ID_test_2806",33
"ID_test_2807",43.5
"ID_test_2808",72.8
"ID_test_2809",46.8
"ID_test_281",72.8
"ID_test_2810",33
"ID_test_2811",33
"ID_test_2812",33
"ID_test_2813",43.5
"ID_test_2814",46.8
"ID_test_2815",72.8
"ID_test_2816",50.5
"ID_test_2817",50.5
"ID_test_2818",43.5
"ID_test_2819",33
"ID_test_282",72.8
"ID_test_2820",33
"ID_test_2821",46.8
"ID_test_2822",72.8
"ID_test_2823",46.8
"ID_test_2824",46.8
"ID_test_2825",50.5
"ID_test_2826",46.8
"ID_test_2827",43.5
"ID_test_2828",43.5
"ID_test_2829",46.8
"ID_test_283",46.8
"ID_test_2830",33
"ID_test_2831",43.5
"ID_test_2832",43.5
"ID_test_2833",43.5
"ID_test_2834",46.8
"ID_test_2835",46.8
"ID_test_2836",72.8
"ID_test_2837",72.8
"ID_test_2838",46.8
"ID_test_2839",50.5
"ID_test_284",72.8
"ID_test_2840",43.5
"ID_test_2841",46.8
"ID_test_2842",33
"ID_test_2843",33
"ID_test_2844",33
"ID_test_2845",46.8
"ID_test_2846",72.8
"ID_test_2847",50.5
"ID_test_2848",50.5
"ID_test_2849",50.5
"ID_test_285",50.5
"ID_test_2850",50.5
"ID_test_2851",50.5
"ID_test_2852",46.8
"ID_test_2853",43.5
"ID_test_2854",33
"ID_test_2855",46.8
"ID_test_2856",50.5
"ID_test_2857",72.8
"ID_test_2858",72.8
"ID_test_2859",46.8
"ID_test_286",72.8
"ID_test_2860",46.8
"ID_test_2861",46.8
"ID_test_2862",33
"ID_test_2863",72.8
"ID_test_2864",50.5
"ID_test_2865",50.5
"ID_test_2866",43.5
"ID_test_2867",46.8
"ID_test_2868",43.5
"ID_test_2869",46.8
"ID_test_287",46.8
"ID_test_2870",72.8
"ID_test_2871",46.8
"ID_test_2872",72.8
"ID_test_2873",46.8
"ID_test_2874",50.5
"ID_test_2875",46.8
"ID_test_2876",72.8
"ID_test_2877",46.8
"ID_test_2878",46.8
"ID_test_2879",50.5
"ID_test_288",46.8
"ID_test_2880",46.8
"ID_test_2881",50.5
"ID_test_2882",43.5
"ID_test_2883",46.8
"ID_test_2884",46.8
"ID_test_2885",33
"ID_test_2886",46.8
"ID_test_2887",46.8
"ID_test_2888",50.5
"ID_test_2889",46.8
"ID_test_289",46.8
"ID_test_2890",72.8
"ID_test_2891",33
"ID_test_2892",46.8
"ID_test_2893",33
"ID_test_2894",72.8
"ID_test_2895",46.8
"ID_test_2896",72.8
"ID_test_2897",33
"ID_test_2898",46.8
"ID_test_2899",46.8
"ID_test_29",46.8
"ID_test_290",46.8
"ID_test_2900",72.8
"ID_test_2901",43.5
"ID_test_2902",46.8
"ID_test_2903",33
"ID_test_2904",72.8
"ID_test_2905",46.8
"ID_test_2906",50.5
"ID_test_2907",72.8
"ID_test_2908",43.5
"ID_test_2909",33
"ID_test_291",46.8
"ID_test_2910",33
"ID_test_2911",50.5
"ID_test_2912",72.8
"ID_test_2913",50.5
"ID_test_2914",46.8
"ID_test_2915",43.5
"ID_test_2916",72.8
"ID_test_2917",46.8
"ID_test_2918",50.5
"ID_test_2919",33
"ID_test_292",46.8
"ID_test_2920",50.5
"ID_test_2921",50.5
"ID_test_2922",46.8
"ID_test_2923",33
"ID_test_2924",46.8
"ID_test_2925",33
"ID_test_2926",43.5
"ID_test_2927",50.5
"ID_test_2928",46.8
"ID_test_2929",43.5
"ID_test_293",43.5
"ID_test_2930",72.8
"ID_test_2931",72.8
"ID_test_2932",72.8
"ID_test_2933",46.8
"ID_test_2934",50.5
"ID_test_2935",43.5
"ID_test_2936",72.8
"ID_test_2937",46.8
"ID_test_2938",72.8
"ID_test_2939",50.5
"ID_test_294",33
"ID_test_2940",46.8
"ID_test_2941",72.8
"ID_test_2942",46.8
"ID_test_2943",33
"ID_test_2944",50.5
"ID_test_2945",50.5
"ID_test_2946",43.5
"ID_test_2947",50.5
"ID_test_2948",46.8
"ID_test_2949",46.8
"ID_test_295",46.8
"ID_test_2950",50.5
"ID_test_2951",72.8
"ID_test_2952",72.8
"ID_test_2953",50.5
"ID_test_2954",50.5
"ID_test_2955",43.5
"ID_test_2956",50.5
"ID_test_2957",50.5
"ID_test_2958",46.8
"ID_test_2959",33
"ID_test_296",72.8
"ID_test_2960",33
"ID_test_2961",33
"ID_test_2962",46.8
"ID_test_2963",72.8
"ID_test_2964",50.5
"ID_test_2965",46.8
"ID_test_2966",33
"ID_test_2967",50.5
"ID_test_2968",50.5
"ID_test_2969",43.5
"ID_test_297",72.8
"ID_test_2970",43.5
"ID_test_2971",43.5
"ID_test_2972",50.5
"ID_test_2973",72.8
"ID_test_2974",72.8
"ID_test_2975",46.8
"ID_test_2976",43.5
"ID_test_2977",33
"ID_test_2978",33
"ID_test_2979",50.5
"ID_test_298",50.5
"ID_test_2980",46.8
"ID_test_2981",50.5
"ID_test_2982",46.8
"ID_test_2983",43.5
"ID_test_2984",72.8
"ID_test_2985",46.8
"ID_test_2986",72.8
"ID_test_2987",72.8
"ID_test_2988",33
"ID_test_2989",46.8
"ID_test_299",50.5
"ID_test_2990",46.8
"ID_test_2991",72.8
"ID_test_2992",46.8
"ID_test_2993",50.5
"ID_test_2994",46.8
"ID_test_2995",72.8
"ID_test_2996",50.5
"ID_test_2997",50.5
"ID_test_2998",50.5
"ID_test_2999",46.8
"ID_test_3",50.5
"ID_test_30",46.8
"ID_test_300",46.8
"ID_test_3000",50.5
"ID_test_3001",33
"ID_test_3002",72.8
"ID_test_3003",33
"ID_test_3004",50.5
"ID_test_3005",72.8
"ID_test_3006",72.8
"ID_test_3007",46.8
"ID_test_3008",72.8
"ID_test_3009",46.8
"ID_test_301",46.8
"ID_test_3010",43.5
"ID_test_3011",46.8
"ID_test_3012",46.8
"ID_test_3013",33
"ID_test_3014",72.8
"ID_test_3015",50.5
"ID_test_3016",72.8
"ID_test_3017",72.8
"ID_test_3018",46.8
"ID_test_3019",72.8
"ID_test_302",72.8
"ID_test_3020",50.5
"ID_test_3021",33
"ID_test_3022",33
"ID_test_3023",33
"ID_test_3024",43.5
"ID_test_3025",46.8
"ID_test_3026",72.8
"ID_test_3027",50.5
"ID_test_3028",43.5
"ID_test_3029",33
"ID_test_303",46.8
"ID_test_3030",33
"ID_test_3031",33
"ID_test_3032",72.8
"ID_test_3033",72.8
"ID_test_3034",72.8
"ID_test_3035",72.8
"ID_test_3036",46.8
"ID_test_3037",72.8
"ID_test_3038",72.8
"ID_test_3039",50.5
"ID_test_304",33
"ID_test_3040",33
"ID_test_3041",72.8
"ID_test_3042",43.5
"ID_test_3043",50.5
"ID_test_3044",46.8
"ID_test_3045",50.5
"ID_test_3046",50.5
"ID_test_3047",33
"ID_test_3048",46.8
"ID_test_3049",72.8
"ID_test_305",72.8
"ID_test_3050",50.5
"ID_test_3051",33
"ID_test_3052",46.8
"ID_test_3053",46.8
"ID_test_3054",50.5
"ID_test_3055",72.8
"ID_test_3056",46.8
"ID_test_3057",72.8
"ID_test_3058",72.8
"ID_test_3059",72.8
"ID_test_306",43.5
"ID_test_3060",72.8
"ID_test_3061",72.8
"ID_test_3062",50.5
"ID_test_3063",43.5
"ID_test_3064",72.8
"ID_test_3065",43.5
"ID_test_3066",50.5
"ID_test_3067",46.8
"ID_test_3068",50.5
"ID_test_3069",72.8
"ID_test_307",50.5
"ID_test_3070",43.5
"ID_test_3071",46.8
"ID_test_3072",33
"ID_test_3073",50.5
"ID_test_3074",72.8
"ID_test_3075",33
"ID_test_3076",72.8
"ID_test_3077",46.8
"ID_test_3078",50.5
"ID_test_3079",50.5
"ID_test_308",72.8
"ID_test_3080",50.5
"ID_test_3081",50.5
"ID_test_3082",72.8
"ID_test_3083",50.5
"ID_test_3084",46.8
"ID_test_3085",33
"ID_test_3086",72.8
"ID_test_3087",46.8
"ID_test_3088",46.8
"ID_test_3089",50.5
"ID_test_309",50.5
"ID_test_3090",72.8
"ID_test_3091",72.8
"ID_test_3092",50.5
"ID_test_3093",46.8
"ID_test_3094",46.8
"ID_test_3095",33
"ID_test_3096",43.5
"ID_test_3097",72.8
"ID_test_3098",50.5
"ID_test_3099",33
"ID_test_31",43.5
"ID_test_310",46.8
"ID_test_3100",72.8
"ID_test_3101",72.8
"ID_test_3102",33
"ID_test_3103",46.8
"ID_test_3104",72.8
"ID_test_3105",46.8
"ID_test_3106",46.8
"ID_test_3107",50.5
"ID_test_3108",72.8
"ID_test_3109",50.5
"ID_test_311",50.5
"ID_test_3110",72.8
"ID_test_3111",33
"ID_test_3112",72.8
"ID_test_3113",43.5
"ID_test_3114",46.8
"ID_test_3115",33
"ID_test_3116",33
"ID_test_3117",46.8
"ID_test_3118",50.5
"ID_test_3119",46.8
"ID_test_312",50.5
"ID_test_3120",46.8
"ID_test_3121",43.5
"ID_test_3122",50.5
"ID_test_3123",72.8
"ID_test_3124",50.5
"ID_test_3125",43.5
"ID_test_3126",50.5
"ID_test_3127",46.8
"ID_test_3128",46.8
"ID_test_3129",46.8
"ID_test_313",50.5
"ID_test_3130",43.5
"ID_test_3131",46.8
"ID_test_3132",72.8
"ID_test_3133",43.5
"ID_test_3134",33
"ID_test_3135",50.5
"ID_test_3136",46.8
"ID_test_3137",46.8
"ID_test_3138",50.5
"ID_test_3139",50.5
"ID_test_314",50.5
"ID_test_3140",72.8
"ID_test_3141",46.8
"ID_test_3142",33
"ID_test_3143",33
"ID_test_3144",43.5
"ID_test_3145",50.5
"ID_test_3146",46.8
"ID_test_3147",43.5
"ID_test_3148",33
"ID_test_3149",46.8
"ID_test_315",43.5
"ID_test_3150",72.8
"ID_test_3151",33
"ID_test_3152",72.8
"ID_test_3153",43.5
"ID_test_3154",46.8
"ID_test_3155",33
"ID_test_3156",43.5
"ID_test_3157",50.5
"ID_test_3158",46.8
"ID_test_3159",33
"ID_test_316",46.8
"ID_test_3160",72.8
"ID_test_3161",33
"ID_test_3162",33
"ID_test_3163",33
"ID_test_3164",46.8
"ID_test_3165",46.8
"ID_test_3166",50.5
"ID_test_3167",72.8
"ID_test_3168",46.8
"ID_test_3169",33
"ID_test_317",50.5
"ID_test_3170",43.5
"ID_test_3171",72.8
"ID_test_3172",50.5
"ID_test_3173",50.5
"ID_test_3174",46.8
"ID_test_3175",46.8
"ID_test_3176",46.8
"ID_test_3177",72.8
"ID_test_3178",72.8
"ID_test_3179",33
"ID_test_318",46.8
"ID_test_3180",43.5
"ID_test_3181",46.8
"ID_test_3182",46.8
"ID_test_3183",50.5
"ID_test_3184",50.5
"ID_test_3185",46.8
"ID_test_3186",72.8
"ID_test_3187",72.8
"ID_test_3188",50.5
"ID_test_3189",50.5
"ID_test_319",72.8
"ID_test_3190",33
"ID_test_3191",72.8
"ID_test_3192",72.8
"ID_test_3193",72.8
"ID_test_3194",50.5
"ID_test_3195",72.8
"ID_test_3196",33
"ID_test_3197",46.8
"ID_test_3198",43.5
"ID_test_3199",72.8
"ID_test_32",46.8
"ID_test_320",72.8
"ID_test_3200",33
"ID_test_3201",50.5
"ID_test_3202",50.5
"ID_test_3203",43.5
"ID_test_3204",46.8
"ID_test_3205",46.8
"ID_test_3206",72.8
"ID_test_3207",72.8
"ID_test_3208",46.8
"ID_test_3209",43.5
"ID_test_321",33
"ID_test_3210",43.5
"ID_test_3211",46.8
"ID_test_3212",46.8
"ID_test_3213",72.8
"ID_test_3214",50.5
"ID_test_3215",33
"ID_test_3216",72.8
"ID_test_3217",50.5
"ID_test_3218",46.8
"ID_test_3219",43.5
"ID_test_322",50.5
"ID_test_3220",72.8
"ID_test_3221",46.8
"ID_test_3222",72.8
"ID_test_3223",50.5
"ID_test_3224",72.8
"ID_test_3225",50.5
"ID_test_3226",50.5
"ID_test_3227",72.8
"ID_test_3228",46.8
"ID_test_3229",72.8
"ID_test_323",46.8
"ID_test_3230",50.5
"ID_test_3231",72.8
"ID_test_3232",72.8
"ID_test_3233",50.5
"ID_test_3234",46.8
"ID_test_3235",50.5
"ID_test_3236",50.5
"ID_test_3237",50.5
"ID_test_3238",50.5
"ID_test_3239",43.5
"ID_test_324",72.8
"ID_test_3240",50.5
"ID_test_3241",33
"ID_test_3242",46.8
"ID_test_3243",46.8
"ID_test_3244",72.8
"ID_test_3245",46.8
"ID_test_3246",46.8
"ID_test_3247",43.5
"ID_test_3248",50.5
"ID_test_3249",50.5
"ID_test_325",50.5
"ID_test_3250",33
"ID_test_3251",46.8
"ID_test_3252",46.8
"ID_test_3253",50.5
"ID_test_3254",46.8
"ID_test_3255",72.8
"ID_test_3256",46.8
"ID_test_3257",50.5
"ID_test_3258",72.8
"ID_test_3259",50.5
"ID_test_326",72.8
"ID_test_3260",46.8
"ID_test_3261",50.5
"ID_test_3262",43.5
"ID_test_3263",46.8
"ID_test_3264",72.8
"ID_test_3265",43.5
"ID_test_3266",43.5
"ID_test_3267",43.5
"ID_test_3268",72.8
"ID_test_3269",46.8
"ID_test_327",50.5
"ID_test_3270",72.8
"ID_test_3271",46.8
"ID_test_3272",50.5
"ID_test_3273",46.8
"ID_test_3274",50.5
"ID_test_3275",72.8
"ID_test_3276",72.8
"ID_test_3277",46.8
"ID_test_3278",50.5
"ID_test_3279",72.8
"ID_test_328",33
"ID_test_3280",50.5
"ID_test_3281",72.8
"ID_test_3282",46.8
"ID_test_3283",72.8
"ID_test_3284",46.8
"ID_test_3285",46.8
"ID_test_3286",43.5
"ID_test_3287",33
"ID_test_3288",46.8
"ID_test_3289",72.8
"ID_test_329",46.8
"ID_test_3290",50.5
"ID_test_3291",43.5
"ID_test_3292",46.8
"ID_test_3293",43.5
"ID_test_3294",46.8
"ID_test_3295",43.5
"ID_test_3296",33
"ID_test_3297",72.8
"ID_test_3298",43.5
"ID_test_3299",50.5
"ID_test_33",33
"ID_test_330",50.5
"ID_test_3300",72.8
"ID_test_3301",46.8
"ID_test_3302",50.5
"ID_test_3303",72.8
"ID_test_3304",50.5
"ID_test_3305",33
"ID_test_3306",43.5
"ID_test_3307",46.8
"ID_test_3308",72.8
"ID_test_3309",50.5
"ID_test_331",33
"ID_test_3310",72.8
"ID_test_3311",50.5
"ID_test_3312",33
"ID_test_3313",72.8
"ID_test_3314",50.5
"ID_test_3315",46.8
"ID_test_3316",43.5
"ID_test_3317",46.8
"ID_test_3318",46.8
"ID_test_3319",43.5
"ID_test_332",72.8
"ID_test_3320",50.5
"ID_test_3321",46.8
"ID_test_3322",50.5
"ID_test_3323",33
"ID_test_3324",43.5
"ID_test_3325",46.8
"ID_test_3326",46.8
"ID_test_3327",46.8
"ID_test_3328",46.8
"ID_test_3329",50.5
"ID_test_333",46.8
"ID_test_3330",33
"ID_test_3331",46.8
"ID_test_3332",72.8
"ID_test_3333",46.8
"ID_test_3334",50.5
"ID_test_3335",50.5
"ID_test_3336",72.8
"ID_test_3337",33
"ID_test_3338",72.8
"ID_test_3339",46.8
"ID_test_334",46.8
"ID_test_3340",50.5
"ID_test_3341",43.5
"ID_test_3342",43.5
"ID_test_3343",43.5
"ID_test_3344",72.8
"ID_test_3345",46.8
"ID_test_3346",72.8
"ID_test_3347",72.8
"ID_test_3348",43.5
"ID_test_3349",46.8
"ID_test_335",46.8
"ID_test_3350",72.8
"ID_test_3351",72.8
"ID_test_3352",50.5
"ID_test_3353",46.8
"ID_test_3354",50.5
"ID_test_3355",33
"ID_test_3356",33
"ID_test_3357",46.8
"ID_test_3358",72.8
"ID_test_3359",46.8
"ID_test_336",46.8
"ID_test_3360",72.8
"ID_test_3361",72.8
"ID_test_3362",72.8
"ID_test_3363",72.8
"ID_test_3364",50.5
"ID_test_3365",72.8
"ID_test_3366",50.5
"ID_test_3367",72.8
"ID_test_3368",72.8
"ID_test_3369",72.8
"ID_test_337",50.5
"ID_test_3370",46.8
"ID_test_3371",50.5
"ID_test_3372",33
"ID_test_3373",72.8
"ID_test_3374",43.5
"ID_test_3375",50.5
"ID_test_3376",46.8
"ID_test_3377",46.8
"ID_test_3378",46.8
"ID_test_3379",46.8
"ID_test_338",72.8
"ID_test_3380",46.8
"ID_test_3381",46.8
"ID_test_3382",72.8
"ID_test_3383",33
"ID_test_3384",50.5
"ID_test_3385",72.8
"ID_test_3386",46.8
"ID_test_3387",72.8
"ID_test_3388",72.8
"ID_test_3389",72.8
"ID_test_339",50.5
"ID_test_3390",46.8
"ID_test_3391",46.8
"ID_test_3392",72.8
"ID_test_3393",46.8
"ID_test_3394",50.5
"ID_test_3395",72.8
"ID_test_3396",46.8
"ID_test_3397",50.5
"ID_test_3398",33
"ID_test_3399",50.5
"ID_test_34",46.8
"ID_test_340",50.5
"ID_test_3400",46.8
"ID_test_3401",50.5
"ID_test_3402",72.8
"ID_test_3403",46.8
"ID_test_3404",46.8
"ID_test_3405",72.8
"ID_test_3406",33
"ID_test_3407",43.5
"ID_test_3408",46.8
"ID_test_3409",46.8
"ID_test_341",46.8
"ID_test_3410",46.8
"ID_test_3411",46.8
"ID_test_3412",72.8
"ID_test_3413",50.5
"ID_test_3414",33
"ID_test_3415",33
"ID_test_3416",50.5
"ID_test_3417",72.8
"ID_test_3418",43.5
"ID_test_3419",72.8
"ID_test_342",72.8
"ID_test_3420",46.8
"ID_test_3421",46.8
"ID_test_3422",72.8
"ID_test_3423",50.5
"ID_test_3424",50.5
"ID_test_3425",50.5
"ID_test_3426",50.5
"ID_test_3427",43.5
"ID_test_3428",50.5
"ID_test_3429",46.8
"ID_test_343",46.8
"ID_test_3430",50.5
"ID_test_3431",46.8
"ID_test_3432",46.8
"ID_test_3433",33
"ID_test_3434",50.5
"ID_test_3435",72.8
"ID_test_3436",72.8
"ID_test_3437",46.8
"ID_test_3438",46.8
"ID_test_3439",50.5
"ID_test_344",46.8
"ID_test_3440",50.5
"ID_test_3441",50.5
"ID_test_3442",33
"ID_test_3443",46.8
"ID_test_3444",43.5
"ID_test_3445",50.5
"ID_test_3446",46.8
"ID_test_3447",33
"ID_test_3448",46.8
"ID_test_3449",46.8
"ID_test_345",43.5
"ID_test_3450",43.5
"ID_test_3451",33
"ID_test_3452",50.5
"ID_test_3453",46.8
"ID_test_3454",50.5
"ID_test_3455",33
"ID_test_3456",50.5
"ID_test_3457",43.5
"ID_test_3458",43.5
"ID_test_3459",50.5
"ID_test_346",43.5
"ID_test_3460",50.5
"ID_test_3461",72.8
"ID_test_3462",50.5
"ID_test_3463",46.8
"ID_test_3464",72.8
"ID_test_3465",33
"ID_test_3466",72.8
"ID_test_3467",43.5
"ID_test_3468",46.8
"ID_test_3469",46.8
"ID_test_347",50.5
"ID_test_3470",46.8
"ID_test_3471",46.8
"ID_test_3472",50.5
"ID_test_3473",46.8
"ID_test_3474",46.8
"ID_test_3475",50.5
"ID_test_3476",46.8
"ID_test_3477",50.5
"ID_test_3478",72.8
"ID_test_3479",46.8
"ID_test_348",72.8
"ID_test_3480",50.5
"ID_test_3481",72.8
"ID_test_3482",46.8
"ID_test_3483",33
"ID_test_3484",72.8
"ID_test_3485",72.8
"ID_test_3486",43.5
"ID_test_3487",46.8
"ID_test_3488",46.8
"ID_test_3489",50.5
"ID_test_349",50.5
"ID_test_3490",50.5
"ID_test_3491",72.8
"ID_test_3492",72.8
"ID_test_3493",43.5
"ID_test_3494",50.5
"ID_test_3495",72.8
"ID_test_3496",46.8
"ID_test_3497",43.5
"ID_test_3498",50.5
"ID_test_3499",50.5
"ID_test_35",72.8
"ID_test_350",72.8
"ID_test_3500",33
"ID_test_3501",72.8
"ID_test_3502",46.8
"ID_test_3503",46.8
"ID_test_3504",33
"ID_test_3505",50.5
"ID_test_3506",46.8
"ID_test_3507",50.5
"ID_test_3508",50.5
"ID_test_3509",46.8
"ID_test_351",46.8
"ID_test_3510",72.8
"ID_test_3511",46.8
"ID_test_3512",33
"ID_test_3513",50.5
"ID_test_3514",33
"ID_test_3515",72.8
"ID_test_3516",46.8
"ID_test_3517",33
"ID_test_3518",43.5
"ID_test_3519",50.5
"ID_test_352",50.5
"ID_test_3520",43.5
"ID_test_3521",50.5
"ID_test_3522",46.8
"ID_test_3523",33
"ID_test_3524",50.5
"ID_test_3525",46.8
"ID_test_3526",50.5
"ID_test_3527",46.8
"ID_test_3528",72.8
"ID_test_3529",50.5
"ID_test_353",46.8
"ID_test_3530",50.5
"ID_test_3531",33
"ID_test_3532",72.8
"ID_test_3533",46.8
"ID_test_3534",50.5
"ID_test_3535",72.8
"ID_test_3536",46.8
"ID_test_3537",43.5
"ID_test_3538",46.8
"ID_test_3539",72.8
"ID_test_354",50.5
"ID_test_3540",33
"ID_test_3541",46.8
"ID_test_3542",43.5
"ID_test_3543",43.5
"ID_test_3544",33
"ID_test_3545",50.5
"ID_test_3546",46.8
"ID_test_3547",33
"ID_test_3548",72.8
"ID_test_3549",72.8
"ID_test_355",33
"ID_test_3550",46.8
"ID_test_3551",46.8
"ID_test_3552",33
"ID_test_3553",43.5
"ID_test_3554",72.8
"ID_test_3555",46.8
"ID_test_3556",43.5
"ID_test_3557",46.8
"ID_test_3558",72.8
"ID_test_3559",50.5
"ID_test_356",43.5
"ID_test_3560",46.8
"ID_test_3561",46.8
"ID_test_3562",50.5
"ID_test_3563",50.5
"ID_test_3564",43.5
"ID_test_3565",72.8
"ID_test_3566",43.5
"ID_test_3567",46.8
"ID_test_3568",46.8
"ID_test_3569",33
"ID_test_357",46.8
"ID_test_3570",33
"ID_test_3571",72.8
"ID_test_3572",50.5
"ID_test_3573",72.8
"ID_test_3574",72.8
"ID_test_3575",72.8
"ID_test_3576",72.8
"ID_test_3577",50.5
"ID_test_3578",46.8
"ID_test_3579",50.5
"ID_test_358",33
"ID_test_3580",33
"ID_test_3581",33
"ID_test_3582",50.5
"ID_test_3583",72.8
"ID_test_3584",46.8
"ID_test_3585",72.8
"ID_test_3586",46.8
"ID_test_3587",46.8
"ID_test_3588",50.5
"ID_test_3589",46.8
"ID_test_359",50.5
"ID_test_3590",43.5
"ID_test_3591",50.5
"ID_test_3592",46.8
"ID_test_3593",50.5
"ID_test_3594",72.8
"ID_test_3595",50.5
"ID_test_3596",43.5
"ID_test_3597",50.5
"ID_test_3598",33
"ID_test_3599",50.5
"ID_test_36",72.8
"ID_test_360",46.8
"ID_test_3600",46.8
"ID_test_3601",46.8
"ID_test_3602",50.5
"ID_test_3603",50.5
"ID_test_3604",72.8
"ID_test_3605",50.5
"ID_test_3606",33
"ID_test_3607",33
"ID_test_3608",50.5
"ID_test_3609",33
"ID_test_361",46.8
"ID_test_3610",50.5
"ID_test_3611",72.8
"ID_test_3612",43.5
"ID_test_3613",43.5
"ID_test_3614",33
"ID_test_3615",72.8
"ID_test_3616",33
"ID_test_3617",43.5
"ID_test_3618",72.8
"ID_test_3619",72.8
"ID_test_362",46.8
"ID_test_3620",46.8
"ID_test_3621",46.8
"ID_test_3622",72.8
"ID_test_3623",72.8
"ID_test_3624",72.8
"ID_test_3625",33
"ID_test_3626",72.8
"ID_test_3627",46.8
"ID_test_3628",72.8
"ID_test_3629",46.8
"ID_test_363",72.8
"ID_test_3630",33
"ID_test_3631",46.8
"ID_test_3632",46.8
"ID_test_3633",46.8
"ID_test_3634",33
"ID_test_3635",33
"ID_test_3636",46.8
"ID_test_3637",72.8
"ID_test_3638",46.8
"ID_test_3639",46.8
"ID_test_364",72.8
"ID_test_3640",50.5
"ID_test_3641",43.5
"ID_test_3642",72.8
"ID_test_3643",46.8
"ID_test_3644",72.8
"ID_test_3645",72.8
"ID_test_3646",72.8
"ID_test_3647",50.5
"ID_test_3648",46.8
"ID_test_3649",33
"ID_test_365",46.8
"ID_test_3650",33
"ID_test_3651",72.8
"ID_test_3652",72.8
"ID_test_3653",72.8
"ID_test_3654",43.5
"ID_test_3655",46.8
"ID_test_3656",43.5
"ID_test_3657",46.8
"ID_test_3658",46.8
"ID_test_3659",50.5
"ID_test_366",50.5
"ID_test_3660",43.5
"ID_test_3661",72.8
"ID_test_3662",72.8
"ID_test_3663",46.8
"ID_test_3664",50.5
"ID_test_3665",43.5
"ID_test_3666",72.8
"ID_test_3667",46.8
"ID_test_3668",46.8
"ID_test_3669",72.8
"ID_test_367",43.5
"ID_test_3670",46.8
"ID_test_3671",33
"ID_test_3672",46.8
"ID_test_3673",50.5
"ID_test_3674",72.8
"ID_test_3675",50.5
"ID_test_3676",43.5
"ID_test_3677",46.8
"ID_test_3678",46.8
"ID_test_3679",46.8
"ID_test_368",43.5
"ID_test_3680",50.5
"ID_test_3681",72.8
"ID_test_3682",46.8
"ID_test_3683",46.8
"ID_test_3684",33
"ID_test_3685",43.5
"ID_test_3686",46.8
"ID_test_3687",50.5
"ID_test_3688",43.5
"ID_test_3689",72.8
"ID_test_369",46.8
"ID_test_3690",72.8
"ID_test_3691",43.5
"ID_test_3692",72.8
"ID_test_3693",46.8
"ID_test_3694",43.5
"ID_test_3695",46.8
"ID_test_3696",43.5
"ID_test_3697",50.5
"ID_test_3698",43.5
"ID_test_3699",33
"ID_test_37",46.8
"ID_test_370",72.8
"ID_test_3700",72.8
"ID_test_3701",46.8
"ID_test_3702",46.8
"ID_test_3703",72.8
"ID_test_3704",46.8
"ID_test_3705",46.8
"ID_test_3706",72.8
"ID_test_3707",72.8
"ID_test_3708",72.8
"ID_test_3709",50.5
"ID_test_371",50.5
"ID_test_3710",33
"ID_test_3711",50.5
"ID_test_3712",50.5
"ID_test_3713",72.8
"ID_test_3714",46.8
"ID_test_3715",50.5
"ID_test_3716",50.5
"ID_test_3717",46.8
"ID_test_3718",43.5
"ID_test_3719",46.8
"ID_test_372",46.8
"ID_test_3720",46.8
"ID_test_3721",50.5
"ID_test_3722",50.5
"ID_test_3723",46.8
"ID_test_3724",46.8
"ID_test_3725",72.8
"ID_test_3726",50.5
"ID_test_3727",72.8
"ID_test_3728",50.5
"ID_test_3729",43.5
"ID_test_373",46.8
"ID_test_3730",46.8
"ID_test_3731",50.5
"ID_test_3732",43.5
"ID_test_3733",72.8
"ID_test_3734",50.5
"ID_test_3735",33
"ID_test_3736",46.8
"ID_test_3737",46.8
"ID_test_3738",50.5
"ID_test_3739",50.5
"ID_test_374",33
"ID_test_3740",33
"ID_test_3741",50.5
"ID_test_3742",72.8
"ID_test_3743",46.8
"ID_test_3744",33
"ID_test_3745",46.8
"ID_test_3746",50.5
"ID_test_3747",50.5
"ID_test_3748",72.8
"ID_test_3749",43.5
"ID_test_375",50.5
"ID_test_3750",46.8
"ID_test_3751",50.5
"ID_test_3752",33
"ID_test_3753",46.8
"ID_test_3754",46.8
"ID_test_3755",46.8
"ID_test_3756",43.5
"ID_test_3757",72.8
"ID_test_3758",50.5
"ID_test_3759",46.8
"ID_test_376",72.8
"ID_test_3760",46.8
"ID_test_3761",72.8
"ID_test_3762",46.8
"ID_test_3763",33
"ID_test_3764",33
"ID_test_3765",46.8
"ID_test_3766",72.8
"ID_test_3767",50.5
"ID_test_3768",46.8
"ID_test_3769",43.5
"ID_test_377",46.8
"ID_test_3770",50.5
"ID_test_3771",72.8
"ID_test_3772",50.5
"ID_test_3773",46.8
"ID_test_3774",50.5
"ID_test_3775",72.8
"ID_test_3776",43.5
"ID_test_3777",50.5
"ID_test_3778",72.8
"ID_test_3779",72.8
"ID_test_378",43.5
"ID_test_3780",46.8
"ID_test_3781",46.8
"ID_test_3782",43.5
"ID_test_3783",43.5
"ID_test_3784",72.8
"ID_test_3785",43.5
"ID_test_3786",43.5
"ID_test_3787",72.8
"ID_test_3788",50.5
"ID_test_3789",46.8
"ID_test_379",50.5
"ID_test_3790",33
"ID_test_3791",43.5
"ID_test_3792",33
"ID_test_3793",46.8
"ID_test_3794",33
"ID_test_3795",46.8
"ID_test_3796",33
"ID_test_3797",50.5
"ID_test_3798",46.8
"ID_test_3799",46.8
"ID_test_38",33
"ID_test_380",46.8
"ID_test_3800",72.8
"ID_test_3801",50.5
"ID_test_3802",46.8
"ID_test_3803",50.5
"ID_test_3804",50.5
"ID_test_3805",46.8
"ID_test_3806",46.8
"ID_test_3807",46.8
"ID_test_3808",46.8
"ID_test_3809",72.8
"ID_test_381",72.8
"ID_test_3810",72.8
"ID_test_3811",46.8
"ID_test_3812",72.8
"ID_test_3813",72.8
"ID_test_3814",50.5
"ID_test_3815",72.8
"ID_test_3816",72.8
"ID_test_3817",46.8
"ID_test_3818",46.8
"ID_test_3819",50.5
"ID_test_382",72.8
"ID_test_3820",46.8
"ID_test_3821",50.5
"ID_test_3822",46.8
"ID_test_3823",72.8
"ID_test_3824",43.5
"ID_test_3825",50.5
"ID_test_3826",72.8
"ID_test_3827",72.8
"ID_test_3828",46.8
"ID_test_3829",50.5
"ID_test_383",50.5
"ID_test_3830",43.5
"ID_test_3831",72.8
"ID_test_3832",50.5
"ID_test_3833",46.8
"ID_test_3834",33
"ID_test_3835",50.5
"ID_test_3836",46.8
"ID_test_3837",50.5
"ID_test_3838",72.8
"ID_test_3839",72.8
"ID_test_384",46.8
"ID_test_3840",72.8
"ID_test_3841",46.8
"ID_test_3842",43.5
"ID_test_3843",46.8
"ID_test_3844",72.8
"ID_test_3845",50.5
"ID_test_3846",50.5
"ID_test_3847",33
"ID_test_3848",50.5
"ID_test_3849",50.5
"ID_test_385",72.8
"ID_test_3850",43.5
"ID_test_3851",33
"ID_test_3852",46.8
"ID_test_3853",72.8
"ID_test_3854",33
"ID_test_3855",33
"ID_test_3856",72.8
"ID_test_3857",46.8
"ID_test_3858",46.8
"ID_test_3859",46.8
"ID_test_386",46.8
"ID_test_3860",50.5
"ID_test_3861",72.8
"ID_test_3862",50.5
"ID_test_3863",46.8
"ID_test_3864",46.8
"ID_test_3865",46.8
"ID_test_3866",50.5
"ID_test_3867",46.8
"ID_test_3868",46.8
"ID_test_3869",46.8
"ID_test_387",43.5
"ID_test_3870",72.8
"ID_test_3871",50.5
"ID_test_3872",43.5
"ID_test_3873",46.8
"ID_test_3874",72.8
"ID_test_3875",72.8
"ID_test_3876",46.8
"ID_test_3877",46.8
"ID_test_3878",72.8
"ID_test_3879",46.8
"ID_test_388",72.8
"ID_test_3880",50.5
"ID_test_3881",50.5
"ID_test_3882",72.8
"ID_test_3883",46.8
"ID_test_3884",72.8
"ID_test_3885",46.8
"ID_test_3886",50.5
"ID_test_3887",33
"ID_test_3888",43.5
"ID_test_3889",72.8
"ID_test_389",72.8
"ID_test_3890",72.8
"ID_test_3891",43.5
"ID_test_3892",46.8
"ID_test_3893",33
"ID_test_3894",46.8
"ID_test_3895",50.5
"ID_test_3896",33
"ID_test_3897",46.8
"ID_test_3898",33
"ID_test_3899",50.5
"ID_test_39",50.5
"ID_test_390",50.5
"ID_test_3900",33
"ID_test_3901",50.5
"ID_test_3902",46.8
"ID_test_3903",72.8
"ID_test_3904",72.8
"ID_test_3905",43.5
"ID_test_3906",46.8
"ID_test_3907",50.5
"ID_test_3908",33
"ID_test_3909",46.8
"ID_test_391",46.8
"ID_test_3910",46.8
"ID_test_3911",72.8
"ID_test_3912",50.5
"ID_test_3913",50.5
"ID_test_3914",43.5
"ID_test_3915",72.8
"ID_test_3916",72.8
"ID_test_3917",50.5
"ID_test_3918",46.8
"ID_test_3919",46.8
"ID_test_392",33
"ID_test_3920",72.8
"ID_test_3921",72.8
"ID_test_3922",46.8
"ID_test_3923",50.5
"ID_test_3924",46.8
"ID_test_3925",43.5
"ID_test_3926",50.5
"ID_test_3927",46.8
"ID_test_3928",72.8
"ID_test_3929",46.8
"ID_test_393",50.5
"ID_test_3930",50.5
"ID_test_3931",46.8
"ID_test_3932",50.5
"ID_test_3933",43.5
"ID_test_3934",72.8
"ID_test_3935",50.5
"ID_test_3936",72.8
"ID_test_3937",43.5
"ID_test_3938",43.5
"ID_test_3939",50.5
"ID_test_394",46.8
"ID_test_3940",46.8
"ID_test_3941",72.8
"ID_test_3942",72.8
"ID_test_3943",33
"ID_test_3944",46.8
"ID_test_3945",46.8
"ID_test_3946",43.5
"ID_test_3947",33
"ID_test_3948",72.8
"ID_test_3949",43.5
"ID_test_395",46.8
"ID_test_3950",72.8
"ID_test_3951",43.5
"ID_test_3952",46.8
"ID_test_3953",33
"ID_test_3954",72.8
"ID_test_3955",46.8
"ID_test_3956",46.8
"ID_test_3957",43.5
"ID_test_3958",46.8
"ID_test_3959",50.5
"ID_test_396",50.5
"ID_test_3960",46.8
"ID_test_3961",72.8
"ID_test_3962",50.5
"ID_test_3963",50.5
"ID_test_3964",50.5
"ID_test_3965",50.5
"ID_test_3966",33
"ID_test_3967",43.5
"ID_test_3968",50.5
"ID_test_3969",72.8
"ID_test_397",50.5
"ID_test_3970",50.5
"ID_test_3971",43.5
"ID_test_3972",72.8
"ID_test_3973",50.5
"ID_test_3974",46.8
"ID_test_3975",72.8
"ID_test_3976",33
"ID_test_3977",72.8
"ID_test_3978",72.8
"ID_test_3979",46.8
"ID_test_398",43.5
"ID_test_3980",72.8
"ID_test_3981",43.5
"ID_test_3982",46.8
"ID_test_3983",46.8
"ID_test_3984",43.5
"ID_test_3985",33
"ID_test_3986",72.8
"ID_test_3987",33
"ID_test_3988",50.5
"ID_test_3989",72.8
"ID_test_399",50.5
"ID_test_3990",50.5
"ID_test_3991",72.8
"ID_test_3992",46.8
"ID_test_3993",46.8
"ID_test_3994",46.8
"ID_test_3995",46.8
"ID_test_3996",50.5
"ID_test_3997",50.5
"ID_test_3998",72.8
"ID_test_3999",50.5
"ID_test_4",33
"ID_test_40",46.8
"ID_test_400",72.8
"ID_test_4000",50.5
"ID_test_4001",33
"ID_test_4002",46.8
"ID_test_4003",46.8
"ID_test_4004",50.5
"ID_test_4005",46.8
"ID_test_4006",43.5
"ID_test_4007",46.8
"ID_test_4008",46.8
"ID_test_4009",50.5
"ID_test_401",43.5
"ID_test_4010",46.8
"ID_test_4011",46.8
"ID_test_4012",43.5
"ID_test_4013",72.8
"ID_test_4014",46.8
"ID_test_4015",46.8
"ID_test_4016",43.5
"ID_test_4017",50.5
"ID_test_4018",33
"ID_test_4019",72.8
"ID_test_402",33
"ID_test_4020",46.8
"ID_test_4021",46.8
"ID_test_4022",46.8
"ID_test_4023",50.5
"ID_test_4024",72.8
"ID_test_4025",46.8
"ID_test_4026",50.5
"ID_test_4027",72.8
"ID_test_4028",46.8
"ID_test_4029",72.8
"ID_test_403",33
"ID_test_4030",72.8
"ID_test_4031",46.8
"ID_test_4032",50.5
"ID_test_4033",46.8
"ID_test_4034",46.8
"ID_test_4035",46.8
"ID_test_4036",43.5
"ID_test_4037",46.8
"ID_test_4038",50.5
"ID_test_4039",43.5
"ID_test_404",46.8
"ID_test_4040",43.5
"ID_test_4041",43.5
"ID_test_4042",43.5
"ID_test_4043",46.8
"ID_test_4044",46.8
"ID_test_4045",43.5
"ID_test_4046",46.8
"ID_test_4047",46.8
"ID_test_4048",50.5
"ID_test_4049",33
"ID_test_405",46.8
"ID_test_4050",72.8
"ID_test_4051",43.5
"ID_test_4052",50.5
"ID_test_4053",46.8
"ID_test_4054",46.8
"ID_test_4055",72.8
"ID_test_4056",50.5
"ID_test_4057",46.8
"ID_test_4058",50.5
"ID_test_4059",43.5
"ID_test_406",72.8
"ID_test_4060",33
"ID_test_4061",33
"ID_test_4062",50.5
"ID_test_4063",50.5
"ID_test_4064",72.8
"ID_test_4065",43.5
"ID_test_4066",33
"ID_test_4067",72.8
"ID_test_4068",46.8
"ID_test_4069",33
"ID_test_407",46.8
"ID_test_4070",72.8
"ID_test_4071",46.8
"ID_test_4072",72.8
"ID_test_4073",46.8
"ID_test_4074",72.8
"ID_test_4075",43.5
"ID_test_4076",33
"ID_test_4077",50.5
"ID_test_4078",46.8
"ID_test_4079",50.5
"ID_test_408",46.8
"ID_test_4080",72.8
"ID_test_4081",46.8
"ID_test_4082",50.5
"ID_test_4083",50.5
"ID_test_4084",50.5
"ID_test_4085",50.5
"ID_test_4086",50.5
"ID_test_4087",72.8
"ID_test_4088",46.8
"ID_test_4089",46.8
"ID_test_409",72.8
"ID_test_4090",43.5
"ID_test_4091",72.8
"ID_test_4092",43.5
"ID_test_4093",46.8
"ID_test_4094",46.8
"ID_test_4095",33
"ID_test_4096",33
"ID_test_4097",50.5
"ID_test_4098",46.8
"ID_test_4099",46.8
"ID_test_41",46.8
"ID_test_410",46.8
"ID_test_4100",50.5
"ID_test_4101",43.5
"ID_test_4102",33
"ID_test_4103",72.8
"ID_test_4104",46.8
"ID_test_4105",46.8
"ID_test_4106",72.8
"ID_test_4107",72.8
"ID_test_4108",50.5
"ID_test_4109",50.5
"ID_test_411",46.8
"ID_test_4110",72.8
"ID_test_4111",72.8
"ID_test_4112",50.5
"ID_test_4113",50.5
"ID_test_4114",46.8
"ID_test_4115",33
"ID_test_4116",50.5
"ID_test_4117",72.8
"ID_test_4118",46.8
"ID_test_4119",72.8
"ID_test_412",72.8
"ID_test_4120",33
"ID_test_4121",50.5
"ID_test_4122",43.5
"ID_test_4123",46.8
"ID_test_4124",46.8
"ID_test_4125",46.8
"ID_test_4126",72.8
"ID_test_4127",72.8
"ID_test_4128",33
"ID_test_4129",72.8
"ID_test_413",50.5
"ID_test_4130",50.5
"ID_test_4131",50.5
"ID_test_4132",43.5
"ID_test_4133",72.8
"ID_test_4134",72.8
"ID_test_4135",46.8
"ID_test_4136",43.5
"ID_test_4137",46.8
"ID_test_4138",72.8
"ID_test_4139",50.5
"ID_test_414",46.8
"ID_test_4140",72.8
"ID_test_4141",72.8
"ID_test_4142",46.8
"ID_test_4143",50.5
"ID_test_4144",46.8
"ID_test_4145",50.5
"ID_test_4146",46.8
"ID_test_4147",46.8
"ID_test_4148",72.8
"ID_test_4149",50.5
"ID_test_415",33
"ID_test_4150",50.5
"ID_test_4151",46.8
"ID_test_4152",43.5
"ID_test_4153",33
"ID_test_4154",43.5
"ID_test_4155",50.5
"ID_test_4156",50.5
"ID_test_4157",50.5
"ID_test_4158",72.8
"ID_test_4159",46.8
"ID_test_416",50.5
"ID_test_4160",50.5
"ID_test_4161",50.5
"ID_test_4162",46.8
"ID_test_4163",50.5
"ID_test_4164",50.5
"ID_test_4165",33
"ID_test_4166",50.5
"ID_test_4167",72.8
"ID_test_4168",46.8
"ID_test_4169",46.8
"ID_test_417",46.8
"ID_test_4170",50.5
"ID_test_4171",33
"ID_test_4172",46.8
"ID_test_4173",43.5
"ID_test_4174",43.5
"ID_test_4175",46.8
"ID_test_4176",33
"ID_test_4177",46.8
"ID_test_4178",50.5
"ID_test_4179",72.8
"ID_test_418",50.5
"ID_test_4180",72.8
"ID_test_4181",46.8
"ID_test_4182",50.5
"ID_test_4183",46.8
"ID_test_4184",43.5
"ID_test_4185",33
"ID_test_4186",50.5
"ID_test_4187",50.5
"ID_test_4188",72.8
"ID_test_4189",33
"ID_test_419",72.8
"ID_test_4190",50.5
"ID_test_4191",33
"ID_test_4192",43.5
"ID_test_4193",33
"ID_test_4194",46.8
"ID_test_4195",33
"ID_test_4196",43.5
"ID_test_4197",43.5
"ID_test_4198",50.5
"ID_test_4199",43.5
"ID_test_42",43.5
"ID_test_420",46.8
"ID_test_4200",46.8
"ID_test_4201",46.8
"ID_test_4202",50.5
"ID_test_4203",33
"ID_test_4204",50.5
"ID_test_4205",46.8
"ID_test_4206",50.5
"ID_test_4207",33
"ID_test_4208",46.8
"ID_test_4209",43.5
"ID_test_421",50.5
"ID_test_4210",33
"ID_test_4211",46.8
"ID_test_4212",50.5
"ID_test_4213",72.8
"ID_test_4214",50.5
"ID_test_4215",46.8
"ID_test_4216",50.5
"ID_test_4217",46.8
"ID_test_4218",46.8
"ID_test_4219",50.5
"ID_test_422",46.8
"ID_test_4220",72.8
"ID_test_4221",50.5
"ID_test_4222",46.8
"ID_test_4223",50.5
"ID_test_4224",33
"ID_test_4225",72.8
"ID_test_4226",46.8
"ID_test_4227",50.5
"ID_test_4228",50.5
"ID_test_4229",46.8
"ID_test_423",46.8
"ID_test_4230",43.5
"ID_test_4231",46.8
"ID_test_4232",43.5
"ID_test_4233",43.5
"ID_test_4234",46.8
"ID_test_4235",46.8
"ID_test_4236",46.8
"ID_test_4237",46.8
"ID_test_4238",46.8
"ID_test_4239",50.5
"ID_test_424",43.5
"ID_test_4240",72.8
"ID_test_4241",33
"ID_test_4242",50.5
"ID_test_4243",43.5
"ID_test_4244",33
"ID_test_4245",46.8
"ID_test_4246",50.5
"ID_test_4247",43.5
"ID_test_4248",46.8
"ID_test_4249",46.8
"ID_test_425",72.8
"ID_test_4250",50.5
"ID_test_4251",50.5
"ID_test_4252",72.8
"ID_test_4253",72.8
"ID_test_4254",46.8
"ID_test_4255",43.5
"ID_test_4256",50.5
"ID_test_4257",46.8
"ID_test_4258",46.8
"ID_test_4259",72.8
"ID_test_426",46.8
"ID_test_4260",46.8
"ID_test_4261",46.8
"ID_test_4262",46.8
"ID_test_4263",50.5
"ID_test_4264",72.8
"ID_test_4265",33
"ID_test_4266",72.8
"ID_test_4267",46.8
"ID_test_4268",46.8
"ID_test_4269",72.8
"ID_test_427",72.8
"ID_test_4270",43.5
"ID_test_4271",50.5
"ID_test_4272",46.8
"ID_test_4273",46.8
"ID_test_4274",46.8
"ID_test_4275",72.8
"ID_test_4276",43.5
"ID_test_4277",50.5
"ID_test_4278",72.8
"ID_test_4279",50.5
"ID_test_428",46.8
"ID_test_4280",50.5
"ID_test_4281",72.8
"ID_test_4282",50.5
"ID_test_4283",72.8
"ID_test_4284",72.8
"ID_test_4285",33
"ID_test_4286",50.5
"ID_test_4287",72.8
"ID_test_4288",72.8
"ID_test_4289",50.5
"ID_test_429",33
"ID_test_4290",46.8
"ID_test_4291",33
"ID_test_4292",46.8
"ID_test_4293",72.8
"ID_test_4294",72.8
"ID_test_4295",33
"ID_test_4296",50.5
"ID_test_4297",50.5
"ID_test_4298",72.8
"ID_test_4299",50.5
"ID_test_43",50.5
"ID_test_430",50.5
"ID_test_4300",72.8
"ID_test_4301",72.8
"ID_test_4302",72.8
"ID_test_4303",46.8
"ID_test_4304",50.5
"ID_test_4305",33
"ID_test_4306",46.8
"ID_test_4307",46.8
"ID_test_4308",50.5
"ID_test_4309",50.5
"ID_test_431",50.5
"ID_test_4310",72.8
"ID_test_4311",46.8
"ID_test_4312",50.5
"ID_test_4313",50.5
"ID_test_4314",46.8
"ID_test_4315",43.5
"ID_test_4316",46.8
"ID_test_4317",43.5
"ID_test_4318",33
"ID_test_4319",33
"ID_test_432",46.8
"ID_test_4320",43.5
"ID_test_4321",50.5
"ID_test_4322",33
"ID_test_4323",72.8
"ID_test_4324",50.5
"ID_test_4325",46.8
"ID_test_4326",33
"ID_test_4327",46.8
"ID_test_4328",72.8
"ID_test_4329",46.8
"ID_test_433",72.8
"ID_test_4330",50.5
"ID_test_4331",46.8
"ID_test_4332",33
"ID_test_4333",50.5
"ID_test_4334",50.5
"ID_test_4335",72.8
"ID_test_4336",50.5
"ID_test_4337",43.5
"ID_test_4338",46.8
"ID_test_4339",50.5
"ID_test_434",46.8
"ID_test_4340",46.8
"ID_test_4341",46.8
"ID_test_4342",50.5
"ID_test_4343",72.8
"ID_test_4344",33
"ID_test_4345",50.5
"ID_test_4346",72.8
"ID_test_4347",33
"ID_test_4348",43.5
"ID_test_4349",46.8
"ID_test_435",72.8
"ID_test_4350",72.8
"ID_test_4351",46.8
"ID_test_4352",46.8
"ID_test_4353",33
"ID_test_4354",43.5
"ID_test_4355",46.8
"ID_test_4356",72.8
"ID_test_4357",46.8
"ID_test_4358",33
"ID_test_4359",33
"ID_test_436",50.5
"ID_test_4360",46.8
"ID_test_4361",72.8
"ID_test_4362",33
"ID_test_4363",46.8
"ID_test_4364",46.8
"ID_test_4365",46.8
"ID_test_4366",72.8
"ID_test_4367",46.8
"ID_test_4368",50.5
"ID_test_4369",46.8
"ID_test_437",46.8
"ID_test_4370",46.8
"ID_test_4371",46.8
"ID_test_4372",72.8
"ID_test_4373",72.8
"ID_test_4374",72.8
"ID_test_4375",46.8
"ID_test_4376",46.8
"ID_test_4377",72.8
"ID_test_4378",46.8
"ID_test_4379",33
"ID_test_438",50.5
"ID_test_4380",72.8
"ID_test_4381",33
"ID_test_4382",46.8
"ID_test_4383",46.8
"ID_test_4384",72.8
"ID_test_4385",50.5
"ID_test_4386",50.5
"ID_test_4387",50.5
"ID_test_4388",33
"ID_test_4389",72.8
"ID_test_439",72.8
"ID_test_4390",50.5
"ID_test_4391",50.5
"ID_test_4392",72.8
"ID_test_4393",46.8
"ID_test_4394",46.8
"ID_test_4395",43.5
"ID_test_4396",46.8
"ID_test_4397",46.8
"ID_test_4398",46.8
"ID_test_4399",50.5
"ID_test_44",33
"ID_test_440",43.5
"ID_test_4400",43.5
"ID_test_4401",46.8
"ID_test_4402",50.5
"ID_test_4403",50.5
"ID_test_4404",33
"ID_test_4405",46.8
"ID_test_4406",72.8
"ID_test_4407",46.8
"ID_test_4408",72.8
"ID_test_4409",72.8
"ID_test_441",72.8
"ID_test_4410",50.5
"ID_test_4411",46.8
"ID_test_4412",50.5
"ID_test_4413",46.8
"ID_test_4414",72.8
"ID_test_4415",46.8
"ID_test_4416",46.8
"ID_test_4417",43.5
"ID_test_4418",72.8
"ID_test_4419",33
"ID_test_442",46.8
"ID_test_4420",50.5
"ID_test_4421",50.5
"ID_test_4422",72.8
"ID_test_4423",50.5
"ID_test_4424",33
"ID_test_4425",46.8
"ID_test_4426",72.8
"ID_test_4427",43.5
"ID_test_4428",46.8
"ID_test_4429",50.5
"ID_test_443",50.5
"ID_test_4430",50.5
"ID_test_4431",33
"ID_test_4432",43.5
"ID_test_4433",46.8
"ID_test_4434",50.5
"ID_test_4435",46.8
"ID_test_4436",33
"ID_test_4437",46.8
"ID_test_4438",50.5
"ID_test_4439",46.8
"ID_test_444",33
"ID_test_4440",72.8
"ID_test_4441",50.5
"ID_test_4442",46.8
"ID_test_4443",50.5
"ID_test_4444",50.5
"ID_test_4445",50.5
"ID_test_4446",50.5
"ID_test_4447",50.5
"ID_test_4448",46.8
"ID_test_4449",46.8
"ID_test_445",72.8
"ID_test_4450",72.8
"ID_test_4451",33
"ID_test_4452",43.5
"ID_test_4453",46.8
"ID_test_4454",46.8
"ID_test_4455",50.5
"ID_test_4456",46.8
"ID_test_4457",50.5
"ID_test_4458",50.5
"ID_test_4459",50.5
"ID_test_446",50.5
"ID_test_4460",46.8
"ID_test_4461",50.5
"ID_test_4462",72.8
"ID_test_4463",46.8
"ID_test_4464",50.5
"ID_test_4465",50.5
"ID_test_4466",33
"ID_test_4467",33
"ID_test_4468",33
"ID_test_4469",46.8
"ID_test_447",50.5
"ID_test_4470",46.8
"ID_test_4471",46.8
"ID_test_4472",72.8
"ID_test_4473",46.8
"ID_test_4474",43.5
"ID_test_4475",50.5
"ID_test_4476",72.8
"ID_test_4477",46.8
"ID_test_4478",50.5
"ID_test_4479",72.8
"ID_test_448",50.5
"ID_test_4480",43.5
"ID_test_4481",46.8
"ID_test_4482",72.8
"ID_test_4483",50.5
"ID_test_4484",46.8
"ID_test_4485",50.5
"ID_test_4486",33
"ID_test_4487",46.8
"ID_test_4488",50.5
"ID_test_4489",50.5
"ID_test_449",33
"ID_test_4490",50.5
"ID_test_4491",33
"ID_test_4492",72.8
"ID_test_4493",46.8
"ID_test_4494",43.5
"ID_test_4495",43.5
"ID_test_4496",72.8
"ID_test_4497",72.8
"ID_test_4498",46.8
"ID_test_4499",46.8
"ID_test_45",46.8
"ID_test_450",43.5
"ID_test_4500",50.5
"ID_test_4501",46.8
"ID_test_4502",43.5
"ID_test_4503",46.8
"ID_test_4504",72.8
"ID_test_4505",46.8
"ID_test_4506",43.5
"ID_test_4507",72.8
"ID_test_4508",43.5
"ID_test_4509",46.8
"ID_test_451",46.8
"ID_test_4510",43.5
"ID_test_4511",43.5
"ID_test_4512",43.5
"ID_test_4513",33
"ID_test_4514",46.8
"ID_test_4515",50.5
"ID_test_4516",72.8
"ID_test_4517",46.8
"ID_test_4518",50.5
"ID_test_4519",46.8
"ID_test_452",46.8
"ID_test_4520",46.8
"ID_test_4521",72.8
"ID_test_4522",46.8
"ID_test_4523",43.5
"ID_test_4524",33
"ID_test_4525",50.5
"ID_test_4526",50.5
"ID_test_4527",50.5
"ID_test_4528",46.8
"ID_test_4529",72.8
"ID_test_453",72.8
"ID_test_4530",50.5
"ID_test_4531",72.8
"ID_test_4532",50.5
"ID_test_4533",46.8
"ID_test_4534",72.8
"ID_test_4535",46.8
"ID_test_4536",46.8
"ID_test_4537",46.8
"ID_test_4538",33
"ID_test_4539",43.5
"ID_test_454",46.8
"ID_test_4540",50.5
"ID_test_4541",50.5
"ID_test_4542",43.5
"ID_test_4543",50.5
"ID_test_4544",43.5
"ID_test_4545",46.8
"ID_test_4546",50.5
"ID_test_4547",46.8
"ID_test_4548",33
"ID_test_4549",46.8
"ID_test_455",46.8
"ID_test_4550",46.8
"ID_test_4551",33
"ID_test_4552",33
"ID_test_4553",46.8
"ID_test_4554",50.5
"ID_test_4555",46.8
"ID_test_4556",33
"ID_test_4557",50.5
"ID_test_4558",46.8
"ID_test_4559",46.8
"ID_test_456",46.8
"ID_test_4560",43.5
"ID_test_4561",46.8
"ID_test_4562",50.5
"ID_test_4563",50.5
"ID_test_4564",72.8
"ID_test_4565",50.5
"ID_test_4566",43.5
"ID_test_4567",72.8
"ID_test_4568",46.8
"ID_test_4569",50.5
"ID_test_457",72.8
"ID_test_4570",72.8
"ID_test_4571",33
"ID_test_4572",46.8
"ID_test_4573",46.8
"ID_test_4574",72.8
"ID_test_4575",43.5
"ID_test_4576",46.8
"ID_test_4577",46.8
"ID_test_4578",50.5
"ID_test_4579",50.5
"ID_test_458",50.5
"ID_test_4580",50.5
"ID_test_4581",50.5
"ID_test_4582",46.8
"ID_test_4583",50.5
"ID_test_4584",33
"ID_test_4585",72.8
"ID_test_4586",50.5
"ID_test_4587",50.5
"ID_test_4588",46.8
"ID_test_4589",33
"ID_test_459",72.8
"ID_test_4590",46.8
"ID_test_4591",50.5
"ID_test_4592",50.5
"ID_test_4593",46.8
"ID_test_4594",72.8
"ID_test_4595",33
"ID_test_4596",46.8
"ID_test_4597",72.8
"ID_test_4598",50.5
"ID_test_4599",33
"ID_test_46",46.8
"ID_test_460",46.8
"ID_test_4600",46.8
"ID_test_4601",43.5
"ID_test_4602",46.8
"ID_test_4603",72.8
"ID_test_4604",72.8
"ID_test_4605",50.5
"ID_test_4606",43.5
"ID_test_4607",46.8
"ID_test_4608",33
"ID_test_4609",43.5
"ID_test_461",72.8
"ID_test_4610",46.8
"ID_test_4611",50.5
"ID_test_4612",46.8
"ID_test_4613",50.5
"ID_test_4614",46.8
"ID_test_4615",50.5
"ID_test_4616",33
"ID_test_4617",50.5
"ID_test_4618",46.8
"ID_test_4619",43.5
"ID_test_462",50.5
"ID_test_4620",50.5
"ID_test_4621",46.8
"ID_test_4622",33
"ID_test_4623",50.5
"ID_test_4624",46.8
"ID_test_4625",46.8
"ID_test_4626",50.5
"ID_test_4627",50.5
"ID_test_4628",46.8
"ID_test_4629",33
"ID_test_463",46.8
"ID_test_4630",72.8
"ID_test_4631",50.5
"ID_test_4632",50.5
"ID_test_4633",43.5
"ID_test_4634",72.8
"ID_test_4635",43.5
"ID_test_4636",46.8
"ID_test_4637",50.5
"ID_test_4638",46.8
"ID_test_4639",46.8
"ID_test_464",33
"ID_test_4640",46.8
"ID_test_4641",72.8
"ID_test_4642",43.5
"ID_test_4643",50.5
"ID_test_4644",43.5
"ID_test_4645",33
"ID_test_4646",72.8
"ID_test_4647",50.5
"ID_test_4648",46.8
"ID_test_4649",50.5
"ID_test_465",72.8
"ID_test_4650",33
"ID_test_4651",43.5
"ID_test_4652",43.5
"ID_test_4653",50.5
"ID_test_4654",50.5
"ID_test_4655",50.5
"ID_test_4656",46.8
"ID_test_4657",72.8
"ID_test_4658",46.8
"ID_test_4659",43.5
"ID_test_466",46.8
"ID_test_4660",50.5
"ID_test_4661",43.5
"ID_test_4662",72.8
"ID_test_4663",46.8
"ID_test_4664",72.8
"ID_test_4665",50.5
"ID_test_4666",43.5
"ID_test_4667",72.8
"ID_test_4668",50.5
"ID_test_4669",46.8
"ID_test_467",46.8
"ID_test_4670",50.5
"ID_test_4671",72.8
"ID_test_4672",33
"ID_test_4673",72.8
"ID_test_4674",72.8
"ID_test_4675",46.8
"ID_test_4676",46.8
"ID_test_4677",33
"ID_test_4678",50.5
"ID_test_4679",46.8
"ID_test_468",72.8
"ID_test_4680",46.8
"ID_test_4681",50.5
"ID_test_4682",33
"ID_test_4683",72.8
"ID_test_4684",43.5
"ID_test_4685",46.8
"ID_test_4686",46.8
"ID_test_4687",72.8
"ID_test_4688",72.8
"ID_test_4689",43.5
"ID_test_469",72.8
"ID_test_4690",50.5
"ID_test_4691",46.8
"ID_test_4692",46.8
"ID_test_4693",46.8
"ID_test_4694",50.5
"ID_test_4695",50.5
"ID_test_4696",46.8
"ID_test_4697",50.5
"ID_test_4698",72.8
"ID_test_4699",33
"ID_test_47",46.8
"ID_test_470",43.5
"ID_test_4700",50.5
"ID_test_4701",72.8
"ID_test_4702",72.8
"ID_test_4703",33
"ID_test_4704",50.5
"ID_test_4705",46.8
"ID_test_4706",72.8
"ID_test_4707",50.5
"ID_test_4708",50.5
"ID_test_4709",46.8
"ID_test_471",50.5
"ID_test_4710",43.5
"ID_test_4711",33
"ID_test_4712",72.8
"ID_test_4713",50.5
"ID_test_4714",50.5
"ID_test_4715",72.8
"ID_test_4716",43.5
"ID_test_4717",46.8
"ID_test_4718",46.8
"ID_test_4719",72.8
"ID_test_472",46.8
"ID_test_4720",46.8
"ID_test_4721",72.8
"ID_test_4722",43.5
"ID_test_4723",72.8
"ID_test_4724",46.8
"ID_test_4725",50.5
"ID_test_4726",46.8
"ID_test_4727",72.8
"ID_test_4728",46.8
"ID_test_4729",50.5
"ID_test_473",46.8
"ID_test_4730",72.8
"ID_test_4731",46.8
"ID_test_4732",46.8
"ID_test_4733",46.8
"ID_test_4734",43.5
"ID_test_4735",43.5
"ID_test_4736",50.5
"ID_test_4737",46.8
"ID_test_4738",72.8
"ID_test_4739",33
"ID_test_474",33
"ID_test_4740",33
"ID_test_4741",50.5
"ID_test_4742",72.8
"ID_test_4743",43.5
"ID_test_4744",50.5
"ID_test_4745",50.5
"ID_test_4746",72.8
"ID_test_4747",72.8
"ID_test_4748",72.8
"ID_test_4749",43.5
"ID_test_475",72.8
"ID_test_4750",50.5
"ID_test_4751",50.5
"ID_test_4752",72.8
"ID_test_4753",46.8
"ID_test_4754",50.5
"ID_test_4755",43.5
"ID_test_4756",50.5
"ID_test_4757",72.8
"ID_test_4758",72.8
"ID_test_4759",50.5
"ID_test_476",46.8
"ID_test_4760",50.5
"ID_test_4761",43.5
"ID_test_4762",43.5
"ID_test_4763",43.5
"ID_test_4764",46.8
"ID_test_4765",46.8
"ID_test_4766",46.8
"ID_test_4767",33
"ID_test_4768",72.8
"ID_test_4769",72.8
"ID_test_477",50.5
"ID_test_4770",46.8
"ID_test_4771",50.5
"ID_test_4772",43.5
"ID_test_4773",33
"ID_test_4774",43.5
"ID_test_4775",50.5
"ID_test_4776",72.8
"ID_test_4777",50.5
"ID_test_4778",46.8
"ID_test_4779",50.5
"ID_test_478",46.8
"ID_test_4780",33
"ID_test_4781",46.8
"ID_test_4782",72.8
"ID_test_4783",50.5
"ID_test_4784",72.8
"ID_test_4785",72.8
"ID_test_4786",33
"ID_test_4787",43.5
"ID_test_4788",50.5
"ID_test_4789",50.5
"ID_test_479",33
"ID_test_4790",50.5
"ID_test_4791",46.8
"ID_test_4792",50.5
"ID_test_4793",50.5
"ID_test_4794",46.8
"ID_test_4795",46.8
"ID_test_4796",43.5
"ID_test_4797",50.5
"ID_test_4798",46.8
"ID_test_4799",50.5
"ID_test_48",72.8
"ID_test_480",50.5
"ID_test_4800",33
"ID_test_4801",72.8
"ID_test_4802",33
"ID_test_4803",46.8
"ID_test_4804",72.8
"ID_test_4805",43.5
"ID_test_4806",33
"ID_test_4807",72.8
"ID_test_4808",72.8
"ID_test_4809",46.8
"ID_test_481",43.5
"ID_test_4810",43.5
"ID_test_4811",46.8
"ID_test_4812",72.8
"ID_test_4813",50.5
"ID_test_4814",72.8
"ID_test_4815",46.8
"ID_test_4816",46.8
"ID_test_4817",50.5
"ID_test_4818",46.8
"ID_test_4819",43.5
"ID_test_482",43.5
"ID_test_4820",72.8
"ID_test_4821",50.5
"ID_test_4822",50.5
"ID_test_4823",50.5
"ID_test_4824",50.5
"ID_test_4825",50.5
"ID_test_4826",46.8
"ID_test_4827",72.8
"ID_test_4828",33
"ID_test_4829",33
"ID_test_483",50.5
"ID_test_4830",46.8
"ID_test_4831",46.8
"ID_test_4832",43.5
"ID_test_4833",43.5
"ID_test_4834",50.5
"ID_test_4835",46.8
"ID_test_4836",43.5
"ID_test_4837",43.5
"ID_test_4838",46.8
"ID_test_4839",43.5
"ID_test_484",46.8
"ID_test_4840",33
"ID_test_4841",50.5
"ID_test_4842",72.8
"ID_test_4843",72.8
"ID_test_4844",46.8
"ID_test_4845",46.8
"ID_test_4846",50.5
"ID_test_4847",72.8
"ID_test_4848",33
"ID_test_4849",72.8
"ID_test_485",33
"ID_test_4850",46.8
"ID_test_4851",50.5
"ID_test_4852",46.8
"ID_test_4853",50.5
"ID_test_4854",50.5
"ID_test_4855",33
"ID_test_4856",72.8
"ID_test_4857",33
"ID_test_4858",43.5
"ID_test_4859",50.5
"ID_test_486",46.8
"ID_test_4860",50.5
"ID_test_4861",33
"ID_test_4862",50.5
"ID_test_4863",72.8
"ID_test_4864",72.8
"ID_test_4865",46.8
"ID_test_4866",46.8
"ID_test_4867",46.8
"ID_test_4868",72.8
"ID_test_4869",46.8
"ID_test_487",46.8
"ID_test_4870",46.8
"ID_test_4871",43.5
"ID_test_4872",33
"ID_test_4873",50.5
"ID_test_4874",50.5
"ID_test_4875",72.8
"ID_test_4876",50.5
"ID_test_4877",50.5
"ID_test_4878",50.5
"ID_test_4879",72.8
"ID_test_488",43.5
"ID_test_4880",72.8
"ID_test_4881",46.8
"ID_test_4882",46.8
"ID_test_4883",72.8
"ID_test_4884",50.5
"ID_test_4885",46.8
"ID_test_4886",50.5
"ID_test_4887",46.8
"ID_test_4888",43.5
"ID_test_4889",43.5
"ID_test_489",46.8
"ID_test_4890",46.8
"ID_test_4891",72.8
"ID_test_4892",46.8
"ID_test_4893",72.8
"ID_test_4894",50.5
"ID_test_4895",46.8
"ID_test_4896",50.5
"ID_test_4897",33
"ID_test_4898",46.8
"ID_test_4899",46.8
"ID_test_49",46.8
"ID_test_490",50.5
"ID_test_4900",50.5
"ID_test_4901",33
"ID_test_4902",50.5
"ID_test_4903",46.8
"ID_test_4904",72.8
"ID_test_4905",72.8
"ID_test_4906",46.8
"ID_test_4907",43.5
"ID_test_4908",46.8
"ID_test_4909",50.5
"ID_test_491",50.5
"ID_test_4910",50.5
"ID_test_4911",43.5
"ID_test_4912",50.5
"ID_test_4913",50.5
"ID_test_4914",50.5
"ID_test_4915",72.8
"ID_test_4916",50.5
"ID_test_4917",72.8
"ID_test_4918",46.8
"ID_test_4919",50.5
"ID_test_492",46.8
"ID_test_4920",72.8
"ID_test_4921",43.5
"ID_test_4922",46.8
"ID_test_4923",46.8
"ID_test_4924",46.8
"ID_test_4925",50.5
"ID_test_4926",46.8
"ID_test_4927",72.8
"ID_test_4928",72.8
"ID_test_4929",50.5
"ID_test_493",72.8
"ID_test_4930",50.5
"ID_test_4931",72.8
"ID_test_4932",46.8
"ID_test_4933",33
"ID_test_4934",72.8
"ID_test_4935",50.5
"ID_test_4936",50.5
"ID_test_4937",72.8
"ID_test_4938",72.8
"ID_test_4939",50.5
"ID_test_494",33
"ID_test_4940",50.5
"ID_test_4941",46.8
"ID_test_4942",33
"ID_test_4943",33
"ID_test_4944",46.8
"ID_test_4945",33
"ID_test_4946",43.5
"ID_test_4947",46.8
"ID_test_4948",46.8
"ID_test_4949",72.8
"ID_test_495",50.5
"ID_test_4950",50.5
"ID_test_4951",43.5
"ID_test_4952",46.8
"ID_test_4953",50.5
"ID_test_4954",50.5
"ID_test_4955",43.5
"ID_test_4956",46.8
"ID_test_4957",72.8
"ID_test_4958",43.5
"ID_test_4959",46.8
"ID_test_496",33
"ID_test_4960",33
"ID_test_4961",50.5
"ID_test_4962",50.5
"ID_test_4963",72.8
"ID_test_4964",46.8
"ID_test_4965",46.8
"ID_test_4966",46.8
"ID_test_4967",43.5
"ID_test_4968",50.5
"ID_test_4969",72.8
"ID_test_497",50.5
"ID_test_4970",43.5
"ID_test_4971",43.5
"ID_test_4972",50.5
"ID_test_4973",33
"ID_test_4974",46.8
"ID_test_4975",50.5
"ID_test_4976",46.8
"ID_test_4977",72.8
"ID_test_4978",43.5
"ID_test_4979",50.5
"ID_test_498",72.8
"ID_test_4980",46.8
"ID_test_4981",50.5
"ID_test_4982",33
"ID_test_4983",46.8
"ID_test_4984",46.8
"ID_test_4985",72.8
"ID_test_4986",46.8
"ID_test_4987",72.8
"ID_test_4988",46.8
"ID_test_4989",72.8
"ID_test_499",46.8
"ID_test_4990",33
"ID_test_4991",72.8
"ID_test_4992",72.8
"ID_test_4993",72.8
"ID_test_4994",46.8
"ID_test_4995",46.8
"ID_test_4996",33
"ID_test_4997",72.8
"ID_test_4998",33
"ID_test_4999",46.8
"ID_test_5",50.5
"ID_test_50",72.8
"ID_test_500",43.5
"ID_test_5000",43.5
"ID_test_5001",72.8
"ID_test_5002",43.5
"ID_test_5003",72.8
"ID_test_5004",33
"ID_test_5005",50.5
"ID_test_5006",50.5
"ID_test_5007",72.8
"ID_test_5008",43.5
"ID_test_5009",33
"ID_test_501",50.5
"ID_test_5010",33
"ID_test_5011",46.8
"ID_test_5012",72.8
"ID_test_5013",46.8
"ID_test_5014",72.8
"ID_test_5015",46.8
"ID_test_5016",50.5
"ID_test_5017",50.5
"ID_test_5018",72.8
"ID_test_5019",50.5
"ID_test_502",46.8
"ID_test_5020",72.8
"ID_test_5021",43.5
"ID_test_5022",72.8
"ID_test_5023",72.8
"ID_test_5024",50.5
"ID_test_5025",46.8
"ID_test_5026",46.8
"ID_test_5027",72.8
"ID_test_5028",46.8
"ID_test_5029",33
"ID_test_503",50.5
"ID_test_5030",72.8
"ID_test_5031",50.5
"ID_test_5032",72.8
"ID_test_5033",46.8
"ID_test_5034",46.8
"ID_test_504",72.8
"ID_test_505",33
"ID_test_506",46.8
"ID_test_507",33
"ID_test_508",46.8
"ID_test_509",72.8
"ID_test_51",46.8
"ID_test_510",72.8
"ID_test_511",46.8
"ID_test_512",72.8
"ID_test_513",72.8
"ID_test_514",43.5
"ID_test_515",72.8
"ID_test_516",72.8
"ID_test_517",72.8
"ID_test_518",43.5
"ID_test_519",72.8
"ID_test_52",50.5
"ID_test_520",72.8
"ID_test_521",72.8
"ID_test_522",50.5
"ID_test_523",33
"ID_test_524",46.8
"ID_test_525",46.8
"ID_test_526",46.8
"ID_test_527",43.5
"ID_test_528",72.8
"ID_test_529",43.5
"ID_test_53",46.8
"ID_test_530",46.8
"ID_test_531",33
"ID_test_532",50.5
"ID_test_533",50.5
"ID_test_534",43.5
"ID_test_535",50.5
"ID_test_536",46.8
"ID_test_537",46.8
"ID_test_538",46.8
"ID_test_539",72.8
"ID_test_54",33
"ID_test_540",46.8
"ID_test_541",46.8
"ID_test_542",50.5
"ID_test_543",33
"ID_test_544",72.8
"ID_test_545",43.5
"ID_test_546",50.5
"ID_test_547",46.8
"ID_test_548",46.8
"ID_test_549",50.5
"ID_test_55",50.5
"ID_test_550",72.8
"ID_test_551",46.8
"ID_test_552",72.8
"ID_test_553",46.8
"ID_test_554",43.5
"ID_test_555",46.8
"ID_test_556",43.5
"ID_test_557",72.8
"ID_test_558",72.8
"ID_test_559",50.5
"ID_test_56",46.8
"ID_test_560",33
"ID_test_561",46.8
"ID_test_562",50.5
"ID_test_563",33
"ID_test_564",46.8
"ID_test_565",50.5
"ID_test_566",50.5
"ID_test_567",46.8
"ID_test_568",43.5
"ID_test_569",33
"ID_test_57",72.8
"ID_test_570",46.8
"ID_test_571",46.8
"ID_test_572",43.5
"ID_test_573",46.8
"ID_test_574",46.8
"ID_test_575",46.8
"ID_test_576",46.8
"ID_test_577",46.8
"ID_test_578",43.5
"ID_test_579",50.5
"ID_test_58",72.8
"ID_test_580",33
"ID_test_581",46.8
"ID_test_582",50.5
"ID_test_583",50.5
"ID_test_584",72.8
"ID_test_585",43.5
"ID_test_586",46.8
"ID_test_587",46.8
"ID_test_588",46.8
"ID_test_589",46.8
"ID_test_59",33
"ID_test_590",50.5
"ID_test_591",50.5
"ID_test_592",50.5
"ID_test_593",50.5
"ID_test_594",43.5
"ID_test_595",50.5
"ID_test_596",46.8
"ID_test_597",46.8
"ID_test_598",50.5
"ID_test_599",46.8
"ID_test_6",50.5
"ID_test_60",72.8
"ID_test_600",33
"ID_test_601",50.5
"ID_test_602",46.8
"ID_test_603",72.8
"ID_test_604",46.8
"ID_test_605",50.5
"ID_test_606",33
"ID_test_607",50.5
"ID_test_608",50.5
"ID_test_609",46.8
"ID_test_61",46.8
"ID_test_610",46.8
"ID_test_611",50.5
"ID_test_612",43.5
"ID_test_613",33
"ID_test_614",46.8
"ID_test_615",46.8
"ID_test_616",50.5
"ID_test_617",46.8
"ID_test_618",50.5
"ID_test_619",50.5
"ID_test_62",33
"ID_test_620",33
"ID_test_621",50.5
"ID_test_622",72.8
"ID_test_623",33
"ID_test_624",46.8
"ID_test_625",50.5
"ID_test_626",43.5
"ID_test_627",50.5
"ID_test_628",46.8
"ID_test_629",46.8
"ID_test_63",72.8
"ID_test_630",43.5
"ID_test_631",50.5
"ID_test_632",46.8
"ID_test_633",46.8
"ID_test_634",50.5
"ID_test_635",46.8
"ID_test_636",43.5
"ID_test_637",33
"ID_test_638",46.8
"ID_test_639",33
"ID_test_64",33
"ID_test_640",46.8
"ID_test_641",46.8
"ID_test_642",46.8
"ID_test_643",46.8
"ID_test_644",46.8
"ID_test_645",72.8
"ID_test_646",43.5
"ID_test_647",33
"ID_test_648",50.5
"ID_test_649",50.5
"ID_test_65",72.8
"ID_test_650",50.5
"ID_test_651",72.8
"ID_test_652",72.8
"ID_test_653",43.5
"ID_test_654",43.5
"ID_test_655",43.5
"ID_test_656",46.8
"ID_test_657",46.8
"ID_test_658",72.8
"ID_test_659",46.8
"ID_test_66",50.5
"ID_test_660",72.8
"ID_test_661",46.8
"ID_test_662",33
"ID_test_663",46.8
"ID_test_664",50.5
"ID_test_665",43.5
"ID_test_666",50.5
"ID_test_667",43.5
"ID_test_668",46.8
"ID_test_669",72.8
"ID_test_67",43.5
"ID_test_670",72.8
"ID_test_671",72.8
"ID_test_672",50.5
"ID_test_673",72.8
"ID_test_674",50.5
"ID_test_675",46.8
"ID_test_676",43.5
"ID_test_677",50.5
"ID_test_678",33
"ID_test_679",46.8
"ID_test_68",72.8
"ID_test_680",46.8
"ID_test_681",43.5
"ID_test_682",50.5
"ID_test_683",50.5
"ID_test_684",46.8
"ID_test_685",50.5
"ID_test_686",33
"ID_test_687",46.8
"ID_test_688",50.5
"ID_test_689",46.8
"ID_test_69",50.5
"ID_test_690",33
"ID_test_691",46.8
"ID_test_692",43.5
"ID_test_693",50.5
"ID_test_694",46.8
"ID_test_695",33
"ID_test_696",43.5
"ID_test_697",33
"ID_test_698",72.8
"ID_test_699",72.8
"ID_test_7",50.5
"ID_test_70",46.8
"ID_test_700",43.5
"ID_test_701",72.8
"ID_test_702",43.5
"ID_test_703",72.8
"ID_test_704",33
"ID_test_705",46.8
"ID_test_706",50.5
"ID_test_707",72.8
"ID_test_708",46.8
"ID_test_709",46.8
"ID_test_71",50.5
"ID_test_710",72.8
"ID_test_711",43.5
"ID_test_712",33
"ID_test_713",33
"ID_test_714",46.8
"ID_test_715",33
"ID_test_716",50.5
"ID_test_717",33
"ID_test_718",46.8
"ID_test_719",46.8
"ID_test_72",46.8
"ID_test_720",50.5
"ID_test_721",43.5
"ID_test_722",50.5
"ID_test_723",46.8
"ID_test_724",50.5
"ID_test_725",72.8
"ID_test_726",46.8
"ID_test_727",46.8
"ID_test_728",33
"ID_test_729",33
"ID_test_73",46.8
"ID_test_730",50.5
"ID_test_731",50.5
"ID_test_732",46.8
"ID_test_733",46.8
"ID_test_734",33
"ID_test_735",33
"ID_test_736",50.5
"ID_test_737",72.8
"ID_test_738",43.5
"ID_test_739",72.8
"ID_test_74",72.8
"ID_test_740",46.8
"ID_test_741",33
"ID_test_742",46.8
"ID_test_743",33
"ID_test_744",50.5
"ID_test_745",50.5
"ID_test_746",50.5
"ID_test_747",50.5
"ID_test_748",72.8
"ID_test_749",46.8
"ID_test_75",50.5
"ID_test_750",33
"ID_test_751",33
"ID_test_752",50.5
"ID_test_753",46.8
"ID_test_754",72.8
"ID_test_755",46.8
"ID_test_756",50.5
"ID_test_757",46.8
"ID_test_758",46.8
"ID_test_759",46.8
"ID_test_76",50.5
"ID_test_760",33
"ID_test_761",50.5
"ID_test_762",72.8
"ID_test_763",46.8
"ID_test_764",72.8
"ID_test_765",33
"ID_test_766",72.8
"ID_test_767",33
"ID_test_768",33
"ID_test_769",46.8
"ID_test_77",72.8
"ID_test_770",43.5
"ID_test_771",50.5
"ID_test_772",72.8
"ID_test_773",43.5
"ID_test_774",72.8
"ID_test_775",50.5
"ID_test_776",72.8
"ID_test_777",72.8
"ID_test_778",50.5
"ID_test_779",43.5
"ID_test_78",33
"ID_test_780",46.8
"ID_test_781",43.5
"ID_test_782",50.5
"ID_test_783",72.8
"ID_test_784",46.8
"ID_test_785",33
"ID_test_786",43.5
"ID_test_787",50.5
"ID_test_788",43.5
"ID_test_789",33
"ID_test_79",43.5
"ID_test_790",46.8
"ID_test_791",50.5
"ID_test_792",50.5
"ID_test_793",46.8
"ID_test_794",50.5
"ID_test_795",50.5
"ID_test_796",46.8
"ID_test_797",43.5
"ID_test_798",43.5
"ID_test_799",72.8
"ID_test_8",50.5
"ID_test_80",46.8
"ID_test_800",46.8
"ID_test_801",43.5
"ID_test_802",50.5
"ID_test_803",46.8
"ID_test_804",43.5
"ID_test_805",46.8
"ID_test_806",46.8
"ID_test_807",46.8
"ID_test_808",72.8
"ID_test_809",46.8
"ID_test_81",46.8
"ID_test_810",72.8
"ID_test_811",43.5
"ID_test_812",72.8
"ID_test_813",46.8
"ID_test_814",43.5
"ID_test_815",50.5
"ID_test_816",46.8
"ID_test_817",33
"ID_test_818",72.8
"ID_test_819",46.8
"ID_test_82",43.5
"ID_test_820",46.8
"ID_test_821",46.8
"ID_test_822",72.8
"ID_test_823",46.8
"ID_test_824",72.8
"ID_test_825",72.8
"ID_test_826",72.8
"ID_test_827",43.5
"ID_test_828",50.5
"ID_test_829",46.8
"ID_test_83",43.5
"ID_test_830",50.5
"ID_test_831",50.5
"ID_test_832",33
"ID_test_833",46.8
"ID_test_834",50.5
"ID_test_835",33
"ID_test_836",46.8
"ID_test_837",46.8
"ID_test_838",50.5
"ID_test_839",43.5
"ID_test_84",72.8
"ID_test_840",46.8
"ID_test_841",43.5
"ID_test_842",46.8
"ID_test_843",72.8
"ID_test_844",72.8
"ID_test_845",72.8
"ID_test_846",46.8
"ID_test_847",72.8
"ID_test_848",50.5
"ID_test_849",50.5
"ID_test_85",50.5
"ID_test_850",50.5
"ID_test_851",50.5
"ID_test_852",46.8
"ID_test_853",72.8
"ID_test_854",72.8
"ID_test_855",43.5
"ID_test_856",43.5
"ID_test_857",50.5
"ID_test_858",72.8
"ID_test_859",33
"ID_test_86",46.8
"ID_test_860",46.8
"ID_test_861",33
"ID_test_862",50.5
"ID_test_863",46.8
"ID_test_864",72.8
"ID_test_865",50.5
"ID_test_866",46.8
"ID_test_867",33
"ID_test_868",50.5
"ID_test_869",72.8
"ID_test_87",72.8
"ID_test_870",50.5
"ID_test_871",46.8
"ID_test_872",46.8
"ID_test_873",72.8
"ID_test_874",46.8
"ID_test_875",46.8
"ID_test_876",72.8
"ID_test_877",46.8
"ID_test_878",46.8
"ID_test_879",46.8
"ID_test_88",50.5
"ID_test_880",46.8
"ID_test_881",50.5
"ID_test_882",72.8
"ID_test_883",43.5
"ID_test_884",33
"ID_test_885",46.8
"ID_test_886",50.5
"ID_test_887",72.8
"ID_test_888",46.8
"ID_test_889",46.8
"ID_test_89",72.8
"ID_test_890",72.8
"ID_test_891",50.5
"ID_test_892",33
"ID_test_893",46.8
"ID_test_894",43.5
"ID_test_895",72.8
"ID_test_896",33
"ID_test_897",46.8
"ID_test_898",46.8
"ID_test_899",46.8
"ID_test_9",46.8
"ID_test_90",72.8
"ID_test_900",50.5
"ID_test_901",46.8
"ID_test_902",46.8
"ID_test_903",46.8
"ID_test_904",72.8
"ID_test_905",50.5
"ID_test_906",72.8
"ID_test_907",46.8
"ID_test_908",43.5
"ID_test_909",46.8
"ID_test_91",46.8
"ID_test_910",33
"ID_test_911",50.5
"ID_test_912",50.5
"ID_test_913",46.8
"ID_test_914",46.8
"ID_test_915",50.5
"ID_test_916",72.8
"ID_test_917",46.8
"ID_test_918",46.8
"ID_test_919",46.8
"ID_test_92",50.5
"ID_test_920",72.8
"ID_test_921",72.8
"ID_test_922",50.5
"ID_test_923",33
"ID_test_924",50.5
"ID_test_925",50.5
"ID_test_926",50.5
"ID_test_927",72.8
"ID_test_928",43.5
"ID_test_929",72.8
"ID_test_93",72.8
"ID_test_930",46.8
"ID_test_931",46.8
"ID_test_932",50.5
"ID_test_933",50.5
"ID_test_934",43.5
"ID_test_935",46.8
"ID_test_936",46.8
"ID_test_937",72.8
"ID_test_938",33
"ID_test_939",72.8
"ID_test_94",50.5
"ID_test_940",50.5
"ID_test_941",72.8
"ID_test_942",43.5
"ID_test_943",43.5
"ID_test_944",43.5
"ID_test_945",43.5
"ID_test_946",46.8
"ID_test_947",72.8
"ID_test_948",50.5
"ID_test_949",50.5
"ID_test_95",46.8
"ID_test_950",46.8
"ID_test_951",50.5
"ID_test_952",46.8
"ID_test_953",43.5
"ID_test_954",72.8
"ID_test_955",50.5
"ID_test_956",43.5
"ID_test_957",43.5
"ID_test_958",50.5
"ID_test_959",72.8
"ID_test_96",50.5
"ID_test_960",46.8
"ID_test_961",46.8
"ID_test_962",72.8
"ID_test_963",72.8
"ID_test_964",50.5
"ID_test_965",46.8
"ID_test_966",46.8
"ID_test_967",72.8
"ID_test_968",46.8
"ID_test_969",43.5
"ID_test_97",50.5
"ID_test_970",46.8
"ID_test_971",46.8
"ID_test_972",46.8
"ID_test_973",46.8
"ID_test_974",72.8
"ID_test_975",72.8
"ID_test_976",46.8
"ID_test_977",72.8
"ID_test_978",46.8
"ID_test_979",46.8
"ID_test_98",46.8
"ID_test_980",43.5
"ID_test_981",46.8
"ID_test_982",72.8
"ID_test_983",43.5
"ID_test_984",72.8
"ID_test_985",46.8
"ID_test_986",43.5
"ID_test_987",33
"ID_test_988",46.8
"ID_test_989",43.5
"ID_test_99",50.5
"ID_test_990",50.5
"ID_test_991",50.5
"ID_test_992",46.8
"ID_test_993",72.8
"ID_test_994",33
"ID_test_995",72.8
"ID_test_996",50.5
"ID_test_997",33
"ID_test_998",46.8
"ID_test_999",72.8
